bn_id,person_label,position_label,organised_label,of_label,organised,of,organisation,position,work,start_time,end_time,point_in_time,precision_end_time,precision_start_time,precision_point_in_time,year_start_time,year_end_time,year_point_in_time,start_date,year1,decade,end_date,precision,is_mm,personLabel,person,statements,bn_dob,bn_dod,bn_dob_yr,bn_dod_yr,n_ext,organisation_ext,m,d,nice_date,s
Q747,Ada Goodrich-Freer,Lecturer (freelance),Association of Women Pioneer Lecturers,,Q697,,Association of Women Pioneer Lecturers,Q701,P17,,,1892-01-01T00:00:00Z,,,9,,,1892,1892-01-01T00:00:00Z,1892,1890,1892-01-01T00:00:00Z,9,other,Ada Goodrich-Freer,https://beyond-notability.wikibase.cloud/entity/Q747,45,1857-05-15T00:00:00Z,1931-02-24T00:00:00Z,1857,1931,2,Association of Women Pioneer Lecturers,January,1,1892,Q747-66d9b0d4-4eff-c12a-2cfc-45618b3c7247
Q536,Annie Abram,Lecturer (freelance),Women's Industrial Council,,Q2077,,Women's Industrial Council,Q701,P17,,,1911-01-01T00:00:00Z,,,9,,,1911,1911-01-01T00:00:00Z,1911,1910,1911-01-01T00:00:00Z,9,other,Annie Abram,https://beyond-notability.wikibase.cloud/entity/Q536,48,1869-05-26T00:00:00Z,1930-10-17T00:00:00Z,1869,1930,4,Women's Industrial Council,January,1,1911,Q536-cb5adfec-4b35-9c8b-b8c3-e5ae47f8f931
Q536,Annie Abram,Lecturer (freelance),Women's Industrial Council,,Q2077,,Women's Industrial Council,Q701,P17,,,1912-01-01T00:00:00Z,,,9,,,1912,1912-01-01T00:00:00Z,1912,1910,1912-01-01T00:00:00Z,9,other,Annie Abram,https://beyond-notability.wikibase.cloud/entity/Q536,48,1869-05-26T00:00:00Z,1930-10-17T00:00:00Z,1869,1930,4,Women's Industrial Council,January,1,1912,Q536-8ba68cac-426c-8aec-c163-a32420f44fd7
Q536,Annie Abram,Lecturer (freelance),Women's Industrial Council,,Q2077,,Women's Industrial Council,Q701,P17,,,1913-01-01T00:00:00Z,,,9,,,1913,1913-01-01T00:00:00Z,1913,1910,1913-01-01T00:00:00Z,9,other,Annie Abram,https://beyond-notability.wikibase.cloud/entity/Q536,48,1869-05-26T00:00:00Z,1930-10-17T00:00:00Z,1869,1930,4,Women's Industrial Council,January,1,1913,Q536-1c32e2fe-4353-d6a7-5995-978c9baa7317
Q931,Caroline Amy Hutton,Lecturer (freelance),,,,,none recorded,Q701,P17,,,1892-06-01T00:00:00Z,,,10,,,1892,1892-06-01T00:00:00Z,1892,1890,1892-06-01T00:00:00Z,10,other,Caroline Amy Hutton,https://beyond-notability.wikibase.cloud/entity/Q931,35,1860-01-01T00:00:00Z,1931-10-06T00:00:00Z,1860,1931,82,none recorded,June,1,June 1892,Q931-e5c4bbbd-42b2-90e0-7342-7aad2b8d34df
Q931,Caroline Amy Hutton,Lecturer (freelance),,,,,none recorded,Q701,P17,,,1892-11-01T00:00:00Z,,,10,,,1892,1892-11-01T00:00:00Z,1892,1890,1892-11-01T00:00:00Z,10,other,Caroline Amy Hutton,https://beyond-notability.wikibase.cloud/entity/Q931,35,1860-01-01T00:00:00Z,1931-10-06T00:00:00Z,1860,1931,82,none recorded,November,1,November 1892,Q931-b1172c3f-4139-9500-3cb3-9f5a15180ff4
Q1496,Daisy Emily Martin Clarke,Lecturer (freelance),,,,,none recorded,Q701,P17,,,1945-01-01T00:00:00Z,,,9,,,1945,1945-01-01T00:00:00Z,1945,1940,1945-01-01T00:00:00Z,9,other,Daisy Emily Martin Clarke,https://beyond-notability.wikibase.cloud/entity/Q1496,22,1891-01-01T00:00:00Z,1955-01-01T00:00:00Z,1891,1955,82,none recorded,January,1,1945,Q1496-e332ab83-406a-4fc6-b281-fbe65d9b54eb
Q668,Edith Bradley,Lecturer (freelance),,,,,none recorded,Q701,P17,,,1893-01-01T00:00:00Z,,,9,,,1893,1893-01-01T00:00:00Z,1893,1890,1893-01-01T00:00:00Z,9,other,Edith Bradley,https://beyond-notability.wikibase.cloud/entity/Q668,44,1859-01-01T00:00:00Z,1943-01-01T00:00:00Z,1859,1943,82,none recorded,January,1,1893,Q668-8659283f-4254-af36-c2a9-0ce6064628d4
Q668,Edith Bradley,Lecturer (freelance),,,,,none recorded,Q701,P17,,,1893-01-01T00:00:00Z,,,9,,,1893,1893-01-01T00:00:00Z,1893,1890,1893-01-01T00:00:00Z,9,other,Edith Bradley,https://beyond-notability.wikibase.cloud/entity/Q668,44,1859-01-01T00:00:00Z,1943-01-01T00:00:00Z,1859,1943,82,none recorded,January,1,1893,Q668-9503ab14-4726-e970-049a-5dcdb7a2914b
Q153,Eliza Jeffries Davis,Lecturer (Extension),University College London Extension Centre,,Q3020,,University College London Extension Centre,Q3021,P17,1915-01-01T00:00:00Z,1916-01-01T00:00:00Z,,9,9,,1915,1916,,1915-01-01T00:00:00Z,1915,1910,1916-01-01T00:00:00Z,9,other,Eliza Jeffries Davis,https://beyond-notability.wikibase.cloud/entity/Q153,61,1875-01-01T00:00:00Z,1943-10-30T00:00:00Z,1875,1943,15,University College London Extension Centre,January,1,1915,Q153-15f8e0fc-45a5-b410-354e-ea019ca6406c
Q153,Eliza Jeffries Davis,Lecturer (Extension),University College London Extension Centre,,Q3020,,University College London Extension Centre,Q3021,P17,1916-01-01T00:00:00Z,1919-01-01T00:00:00Z,,9,9,,1916,1919,,1916-01-01T00:00:00Z,1916,1910,1919-01-01T00:00:00Z,9,other,Eliza Jeffries Davis,https://beyond-notability.wikibase.cloud/entity/Q153,61,1875-01-01T00:00:00Z,1943-10-30T00:00:00Z,1875,1943,15,University College London Extension Centre,January,1,1916,Q153-9fad1f36-4ffc-65fa-88a9-c5d5f4a8f9e4
Q153,Eliza Jeffries Davis,Lecturer (Extension),University College London Extension Centre,,Q3020,,University College London Extension Centre,Q3021,P17,1919-01-01T00:00:00Z,1920-01-01T00:00:00Z,,9,9,,1919,1920,,1919-01-01T00:00:00Z,1919,1910,1920-01-01T00:00:00Z,9,other,Eliza Jeffries Davis,https://beyond-notability.wikibase.cloud/entity/Q153,61,1875-01-01T00:00:00Z,1943-10-30T00:00:00Z,1875,1943,15,University College London Extension Centre,January,1,1919,Q153-27c8af19-4499-6433-7d7a-f8ca97847041
Q329,Emma Elizabeth Cope,Lecturer (freelance),,,,,none recorded,Q701,P17,,,1934-01-01T00:00:00Z,,,9,,,1934,1934-01-01T00:00:00Z,1934,1930,1934-01-01T00:00:00Z,9,other,Emma Elizabeth Cope,https://beyond-notability.wikibase.cloud/entity/Q329,42,1860-01-01T00:00:00Z,1949-01-01T00:00:00Z,1860,1949,82,none recorded,January,1,1934,Q329-83f5edc8-4cbc-0b63-391b-7aafebeeed7a
Q1055,Emma Swann,Lecturer (freelance),,Association of Women Pioneer Lecturers,,Q697,Association of Women Pioneer Lecturers,Q701,P17,,,1896-01-01T00:00:00Z,,,9,,,1896,1896-01-01T00:00:00Z,1896,1890,1896-01-01T00:00:00Z,9,other,Emma Swann,https://beyond-notability.wikibase.cloud/entity/Q1055,33,1840-01-01T00:00:00Z,1930-01-01T00:00:00Z,1840,1930,2,Association of Women Pioneer Lecturers,January,1,1896,Q1055-4ce172c1-4eca-82b6-cae8-c02480e9d133
Q1892,Ethel Ann Burton-Brown,Lecturer (freelance),,,,,none recorded,Q701,P17,1898-01-01T00:00:00Z,1904-01-01T00:00:00Z,,9,9,,1898,1904,,1898-01-01T00:00:00Z,1898,1890,1904-01-01T00:00:00Z,9,other,Ethel Ann Burton-Brown,https://beyond-notability.wikibase.cloud/entity/Q1892,47,1868-06-13T00:00:00Z,1927-03-21T00:00:00Z,1868,1927,82,none recorded,January,1,1898,Q1892-200f400b-420d-5b35-326a-d87d4026c410
Q1892,Ethel Ann Burton-Brown,Lecturer (freelance),,,,,none recorded,Q701,P17,1905-01-18T00:00:00Z,,,,11,,1905,,,1905-01-18T00:00:00Z,1905,1900,1905-01-18T00:00:00Z,11,other,Ethel Ann Burton-Brown,https://beyond-notability.wikibase.cloud/entity/Q1892,47,1868-06-13T00:00:00Z,1927-03-21T00:00:00Z,1868,1927,82,none recorded,January,18,18 January 1905,Q1892-a969d110-4d1c-05ef-4519-fa179ada6505
Q1892,Ethel Ann Burton-Brown,Lecturer (Extension),Forest Hill and Dulwich Centre for University Extension,,Q2687,,Forest Hill and Dulwich Centre for University Extension,Q3021,P17,1905-01-23T00:00:00Z,1905-03-01T00:00:00Z,,10,11,,1905,1905,,1905-01-23T00:00:00Z,1905,1900,1905-03-01T00:00:00Z,11,other,Ethel Ann Burton-Brown,https://beyond-notability.wikibase.cloud/entity/Q1892,47,1868-06-13T00:00:00Z,1927-03-21T00:00:00Z,1868,1927,1,Other extension centres,January,23,23 January 1905,Q1892-073897b7-4958-486a-3876-56c68314b53b
Q1892,Ethel Ann Burton-Brown,Lecturer (freelance),,,,,none recorded,Q701,P17,1905-02-07T00:00:00Z,,,,11,,1905,,,1905-02-07T00:00:00Z,1905,1900,1905-02-07T00:00:00Z,11,other,Ethel Ann Burton-Brown,https://beyond-notability.wikibase.cloud/entity/Q1892,47,1868-06-13T00:00:00Z,1927-03-21T00:00:00Z,1868,1927,82,none recorded,February,7,7 February 1905,Q1892-bb906399-422a-ef61-b70d-c96eb1677605
Q1892,Ethel Ann Burton-Brown,Lecturer (Extension),Regent Street Polytechnic Centre for University Extension,,Q2688,,Regent Street Polytechnic Centre for University Extension,Q3021,P17,1905-03-01T00:00:00Z,,,,10,,1905,,,1905-03-01T00:00:00Z,1905,1900,1905-03-01T00:00:00Z,10,other,Ethel Ann Burton-Brown,https://beyond-notability.wikibase.cloud/entity/Q1892,47,1868-06-13T00:00:00Z,1927-03-21T00:00:00Z,1868,1927,1,Other extension centres,March,1,March 1905,Q1892-63f5ddba-4831-7bb6-2f8b-00bd06d31df6
Q1892,Ethel Ann Burton-Brown,Lecturer (freelance),,,,,none recorded,Q701,P17,,,1905-05-01T00:00:00Z,,,10,,,1905,1905-05-01T00:00:00Z,1905,1900,1905-05-01T00:00:00Z,10,other,Ethel Ann Burton-Brown,https://beyond-notability.wikibase.cloud/entity/Q1892,47,1868-06-13T00:00:00Z,1927-03-21T00:00:00Z,1868,1927,82,none recorded,May,1,May 1905,Q1892-dc5ee8d0-4cf6-fe5d-86ec-c625931ce63c
Q1892,Ethel Ann Burton-Brown,Lecturer (Extension),Chislehurst Centre for University Extension,,Q2700,,Chislehurst Centre for University Extension,Q3021,P17,1905-10-10T00:00:00Z,1905-12-01T00:00:00Z,,10,11,,1905,1905,,1905-10-10T00:00:00Z,1905,1900,1905-12-01T00:00:00Z,11,other,Ethel Ann Burton-Brown,https://beyond-notability.wikibase.cloud/entity/Q1892,47,1868-06-13T00:00:00Z,1927-03-21T00:00:00Z,1868,1927,1,Other extension centres,October,10,10 October 1905,Q1892-12922f91-42ba-6447-c13e-2049b5c4d9b7
Q23,Eugénie Sellers Strong,Lecturer (Extension),Chelsea Centre for University Extension,,Q2509,,Chelsea Centre for University Extension,Q3021,P17,1890-04-30T00:00:00Z,,,,11,,1890,,,1890-04-30T00:00:00Z,1890,1890,1890-04-30T00:00:00Z,11,other,Eugénie Sellers Strong,https://beyond-notability.wikibase.cloud/entity/Q23,95,1860-03-25T00:00:00Z,1943-09-16T00:00:00Z,1860,1943,8,Chelsea Centre for University Extension,April,30,30 April 1890,Q23-c35837cd-4432-bb0c-af32-4f4c28220f28
Q23,Eugénie Sellers Strong,Lecturer (Extension),Royal Holloway College Centre for University Extension,,Q2682,,Royal Holloway College Centre for University Extension,Q3021,P17,1890-10-06T00:00:00Z,,,,11,,1890,,,1890-10-06T00:00:00Z,1890,1890,1890-10-06T00:00:00Z,11,other,Eugénie Sellers Strong,https://beyond-notability.wikibase.cloud/entity/Q23,95,1860-03-25T00:00:00Z,1943-09-16T00:00:00Z,1860,1943,2,Royal Holloway College Centre for University Extension,October,6,6 October 1890,Q23-4e98a035-41d8-898c-9a1d-df81c5ec563b
Q23,Eugénie Sellers Strong,Lecturer (Extension),North Hackney Centre for University Extension,,Q2511,,North Hackney Centre for University Extension,Q3021,P17,1890-10-13T00:00:00Z,,,,11,,1890,,,1890-10-13T00:00:00Z,1890,1890,1890-10-13T00:00:00Z,11,other,Eugénie Sellers Strong,https://beyond-notability.wikibase.cloud/entity/Q23,95,1860-03-25T00:00:00Z,1943-09-16T00:00:00Z,1860,1943,1,Other extension centres,October,13,13 October 1890,Q23-9a3be717-482e-a1d8-409c-295421406fe7
Q23,Eugénie Sellers Strong,Lecturer (freelance),,,,,none recorded,Q701,P17,1892-01-10T00:00:00Z,,,,11,,1892,,,1892-01-10T00:00:00Z,1892,1890,1892-01-10T00:00:00Z,11,other,Eugénie Sellers Strong,https://beyond-notability.wikibase.cloud/entity/Q23,95,1860-03-25T00:00:00Z,1943-09-16T00:00:00Z,1860,1943,82,none recorded,January,10,10 January 1892,Q23-39222708-4182-9595-b1e9-8438f12eb630
Q23,Eugénie Sellers Strong,Lecturer (freelance),,,,,none recorded,Q701,P17,,,1892-01-16T00:00:00Z,,,11,,,1892,1892-01-16T00:00:00Z,1892,1890,1892-01-16T00:00:00Z,11,other,Eugénie Sellers Strong,https://beyond-notability.wikibase.cloud/entity/Q23,95,1860-03-25T00:00:00Z,1943-09-16T00:00:00Z,1860,1943,82,none recorded,January,16,16 January 1892,Q23-f88bb5bb-4bbf-1c1a-5a44-dfd54327aa13
Q23,Eugénie Sellers Strong,Lecturer (Extension),Chelsea Centre for University Extension,,Q2509,,Chelsea Centre for University Extension,Q3021,P17,1892-01-19T00:00:00Z,,,,11,,1892,,,1892-01-19T00:00:00Z,1892,1890,1892-01-19T00:00:00Z,11,other,Eugénie Sellers Strong,https://beyond-notability.wikibase.cloud/entity/Q23,95,1860-03-25T00:00:00Z,1943-09-16T00:00:00Z,1860,1943,8,Chelsea Centre for University Extension,January,19,19 January 1892,Q23-31f38b62-4bcc-13fd-f254-0c8d416a94eb
Q23,Eugénie Sellers Strong,Lecturer (freelance),,,,,none recorded,Q701,P17,1892-01-25T00:00:00Z,,,,11,,1892,,,1892-01-25T00:00:00Z,1892,1890,1892-01-25T00:00:00Z,11,other,Eugénie Sellers Strong,https://beyond-notability.wikibase.cloud/entity/Q23,95,1860-03-25T00:00:00Z,1943-09-16T00:00:00Z,1860,1943,82,none recorded,January,25,25 January 1892,Q23-1f02f2e4-435c-9ee6-d82e-95fbe134cdb9
Q23,Eugénie Sellers Strong,Lecturer (freelance),,,,,none recorded,Q701,P17,1892-01-30T00:00:00Z,,,,11,,1892,,,1892-01-30T00:00:00Z,1892,1890,1892-01-30T00:00:00Z,11,other,Eugénie Sellers Strong,https://beyond-notability.wikibase.cloud/entity/Q23,95,1860-03-25T00:00:00Z,1943-09-16T00:00:00Z,1860,1943,82,none recorded,January,30,30 January 1892,Q23-b5c232e5-4949-b185-727f-1c1c1a59ebcc
Q23,Eugénie Sellers Strong,Lecturer (freelance),,,,,none recorded,Q701,P17,1892-02-10T00:00:00Z,,,,11,,1892,,,1892-02-10T00:00:00Z,1892,1890,1892-02-10T00:00:00Z,11,other,Eugénie Sellers Strong,https://beyond-notability.wikibase.cloud/entity/Q23,95,1860-03-25T00:00:00Z,1943-09-16T00:00:00Z,1860,1943,82,none recorded,February,10,10 February 1892,Q23-f933762b-4c75-a607-e126-97f5d718baf3
Q23,Eugénie Sellers Strong,Lecturer (freelance),,,,,none recorded,Q701,P17,1892-03-01T00:00:00Z,,,,10,,1892,,,1892-03-01T00:00:00Z,1892,1890,1892-03-01T00:00:00Z,10,other,Eugénie Sellers Strong,https://beyond-notability.wikibase.cloud/entity/Q23,95,1860-03-25T00:00:00Z,1943-09-16T00:00:00Z,1860,1943,82,none recorded,March,1,March 1892,Q23-20ab5c46-42c2-8a9f-e92c-ef9c7d931e6d
Q23,Eugénie Sellers Strong,Lecturer (freelance),,,,,none recorded,Q701,P17,1892-03-01T00:00:00Z,,,,10,,1892,,,1892-03-01T00:00:00Z,1892,1890,1892-03-01T00:00:00Z,10,other,Eugénie Sellers Strong,https://beyond-notability.wikibase.cloud/entity/Q23,95,1860-03-25T00:00:00Z,1943-09-16T00:00:00Z,1860,1943,82,none recorded,March,1,March 1892,Q23-653c445c-465c-62bb-cf96-792b44fc6ad6
Q23,Eugénie Sellers Strong,Lecturer (freelance),,,,,none recorded,Q701,P17,,,1892-03-30T00:00:00Z,,,11,,,1892,1892-03-30T00:00:00Z,1892,1890,1892-03-30T00:00:00Z,11,other,Eugénie Sellers Strong,https://beyond-notability.wikibase.cloud/entity/Q23,95,1860-03-25T00:00:00Z,1943-09-16T00:00:00Z,1860,1943,82,none recorded,March,30,30 March 1892,Q23-3dc9f0d5-4eee-744a-f5b3-465d4f0fe021
Q23,Eugénie Sellers Strong,Lecturer (freelance),,,,,none recorded,Q701,P17,1892-04-21T00:00:00Z,,,,11,,1892,,,1892-04-21T00:00:00Z,1892,1890,1892-04-21T00:00:00Z,11,other,Eugénie Sellers Strong,https://beyond-notability.wikibase.cloud/entity/Q23,95,1860-03-25T00:00:00Z,1943-09-16T00:00:00Z,1860,1943,82,none recorded,April,21,21 April 1892,Q23-d119851f-406d-1f97-6c01-afa0f2e8bb63
Q23,Eugénie Sellers Strong,Lecturer (freelance),,,,,none recorded,Q701,P17,,,1892-05-12T00:00:00Z,,,11,,,1892,1892-05-12T00:00:00Z,1892,1890,1892-05-12T00:00:00Z,11,other,Eugénie Sellers Strong,https://beyond-notability.wikibase.cloud/entity/Q23,95,1860-03-25T00:00:00Z,1943-09-16T00:00:00Z,1860,1943,82,none recorded,May,12,12 May 1892,Q23-31c8c007-4c4b-3164-db53-1b9c00984037
Q23,Eugénie Sellers Strong,Lecturer (freelance),,,,,none recorded,Q701,P17,1892-05-13T00:00:00Z,,,,11,,1892,,,1892-05-13T00:00:00Z,1892,1890,1892-05-13T00:00:00Z,11,other,Eugénie Sellers Strong,https://beyond-notability.wikibase.cloud/entity/Q23,95,1860-03-25T00:00:00Z,1943-09-16T00:00:00Z,1860,1943,82,none recorded,May,13,13 May 1892,Q23-8bfb3a2f-4113-0ab5-c625-558a34ca5f8d
Q23,Eugénie Sellers Strong,Lecturer (Extension),Harrow Centre for University Extention,,Q2685,,Harrow Centre for University Extention,Q3021,P17,1893-10-10T00:00:00Z,,,,11,,1893,,,1893-10-10T00:00:00Z,1893,1890,1893-10-10T00:00:00Z,11,other,Eugénie Sellers Strong,https://beyond-notability.wikibase.cloud/entity/Q23,95,1860-03-25T00:00:00Z,1943-09-16T00:00:00Z,1860,1943,1,Other extension centres,October,10,10 October 1893,Q23-8dc490b4-43b0-6b8f-31fb-543136f5cbe8
Q23,Eugénie Sellers Strong,Lecturer (Extension),Greenwich Extension Centre,,Q4125,,Greenwich Extension Centre,Q3021,P17,1894-10-15T00:00:00Z,,,,11,,1894,,,1894-10-15T00:00:00Z,1894,1890,1894-10-15T00:00:00Z,11,other,Eugénie Sellers Strong,https://beyond-notability.wikibase.cloud/entity/Q23,95,1860-03-25T00:00:00Z,1943-09-16T00:00:00Z,1860,1943,1,Other extension centres,October,15,15 October 1894,Q23-f4ebc385-4bbd-acbc-f3e8-e5e7d23c9cb7
Q23,Eugénie Sellers Strong,Lecturer (freelance),King's College Ladies Department,,Q603,,King's College Ladies Department,Q701,P17,1896-04-01T00:00:00Z,,,,10,,1896,,,1896-04-01T00:00:00Z,1896,1890,1896-04-01T00:00:00Z,10,other,Eugénie Sellers Strong,https://beyond-notability.wikibase.cloud/entity/Q23,95,1860-03-25T00:00:00Z,1943-09-16T00:00:00Z,1860,1943,10,King's College Ladies Department,April,1,April 1896,Q23-0a37d0e7-49d7-0acd-560c-f09fddcc5f34
Q23,Eugénie Sellers Strong,Lecturer (Extension),Croydon Centre for University Extension,,Q2689,,Croydon Centre for University Extension,Q3021,P17,1900-01-01T00:00:00Z,1901-01-01T00:00:00Z,,9,9,,1900,1901,,1900-01-01T00:00:00Z,1900,1900,1901-01-01T00:00:00Z,9,other,Eugénie Sellers Strong,https://beyond-notability.wikibase.cloud/entity/Q23,95,1860-03-25T00:00:00Z,1943-09-16T00:00:00Z,1860,1943,2,Croydon Centre for University Extension,January,1,1900,Q23-e6e392c0-4208-6372-54fd-3ba283f85e99
Q905,Florence Grove,Lecturer (freelance),Fabian Society,,Q2082,,Fabian Society,Q701,P17,,,1898-01-01T00:00:00Z,,,9,,,1898,1898-01-01T00:00:00Z,1898,1890,1898-01-01T00:00:00Z,9,other,Florence Grove,https://beyond-notability.wikibase.cloud/entity/Q905,21,1847-01-01T00:00:00Z,1901-06-08T00:00:00Z,1847,1901,1,Fabian Society,January,1,1898,Q905-93e11eb2-4cd3-0f76-cc6f-b07de47189b2
Q1065,Helen Mary Tirard,Lecturer (freelance),,,,,none recorded,Q701,P17,,,1882-07-01T00:00:00Z,,,10,,,1882,1882-07-01T00:00:00Z,1882,1880,1882-07-01T00:00:00Z,10,other,Helen Mary Tirard,https://beyond-notability.wikibase.cloud/entity/Q1065,55,1853-01-01T00:00:00Z,1943-01-01T00:00:00Z,1853,1943,82,none recorded,July,1,July 1882,Q1065-53f63ed3-43d5-b2d9-ad9a-8a965b8e2465
Q1065,Helen Mary Tirard,Lecturer (freelance),,,,,none recorded,Q701,P17,1883-11-14T00:00:00Z,,,,11,,1883,,,1883-11-14T00:00:00Z,1883,1880,1883-11-14T00:00:00Z,11,other,Helen Mary Tirard,https://beyond-notability.wikibase.cloud/entity/Q1065,55,1853-01-01T00:00:00Z,1943-01-01T00:00:00Z,1853,1943,82,none recorded,November,14,14 November 1883,Q1065-5782fe0e-463d-479a-aa77-c68daee39dfb
Q1065,Helen Mary Tirard,Lecturer (freelance),,,,,none recorded,Q701,P17,1884-02-22T00:00:00Z,,,,11,,1884,,,1884-02-22T00:00:00Z,1884,1880,1884-02-22T00:00:00Z,11,other,Helen Mary Tirard,https://beyond-notability.wikibase.cloud/entity/Q1065,55,1853-01-01T00:00:00Z,1943-01-01T00:00:00Z,1853,1943,82,none recorded,February,22,22 February 1884,Q1065-d986b1c9-45fd-3eb9-674e-bcbae7bdff37
Q1065,Helen Mary Tirard,Lecturer (freelance),,,,,none recorded,Q701,P17,1884-11-07T00:00:00Z,,,,11,,1884,,,1884-11-07T00:00:00Z,1884,1880,1884-11-07T00:00:00Z,11,other,Helen Mary Tirard,https://beyond-notability.wikibase.cloud/entity/Q1065,55,1853-01-01T00:00:00Z,1943-01-01T00:00:00Z,1853,1943,82,none recorded,November,7,7 November 1884,Q1065-042ecde7-46bb-a9fd-5a3f-4bb497ba106d
Q1065,Helen Mary Tirard,Lecturer (freelance),,,,,none recorded,Q701,P17,1885-02-11T00:00:00Z,,,,11,,1885,,,1885-02-11T00:00:00Z,1885,1880,1885-02-11T00:00:00Z,11,other,Helen Mary Tirard,https://beyond-notability.wikibase.cloud/entity/Q1065,55,1853-01-01T00:00:00Z,1943-01-01T00:00:00Z,1853,1943,82,none recorded,February,11,11 February 1885,Q1065-f954edf3-4ee1-4f6d-a5fb-37728dea67c8
Q1065,Helen Mary Tirard,Lecturer (freelance),,,,,none recorded,Q701,P17,1885-02-13T00:00:00Z,,,,11,,1885,,,1885-02-13T00:00:00Z,1885,1880,1885-02-13T00:00:00Z,11,other,Helen Mary Tirard,https://beyond-notability.wikibase.cloud/entity/Q1065,55,1853-01-01T00:00:00Z,1943-01-01T00:00:00Z,1853,1943,82,none recorded,February,13,13 February 1885,Q1065-5861ea09-4d96-05b6-915c-7676786b0707
Q1065,Helen Mary Tirard,Lecturer (freelance),,,,,none recorded,Q701,P17,1885-06-03T00:00:00Z,,,,11,,1885,,,1885-06-03T00:00:00Z,1885,1880,1885-06-03T00:00:00Z,11,other,Helen Mary Tirard,https://beyond-notability.wikibase.cloud/entity/Q1065,55,1853-01-01T00:00:00Z,1943-01-01T00:00:00Z,1853,1943,82,none recorded,June,3,3 June 1885,Q1065-4f79c3da-424e-1b45-2946-4dedc4d78e24
Q1065,Helen Mary Tirard,Lecturer (freelance),,,,,none recorded,Q701,P17,1886-06-23T00:00:00Z,,,,11,,1886,,,1886-06-23T00:00:00Z,1886,1880,1886-06-23T00:00:00Z,11,other,Helen Mary Tirard,https://beyond-notability.wikibase.cloud/entity/Q1065,55,1853-01-01T00:00:00Z,1943-01-01T00:00:00Z,1853,1943,82,none recorded,June,23,23 June 1886,Q1065-4f2653ab-425b-5ca5-9f94-5975fda8c6b5
Q1065,Helen Mary Tirard,Lecturer (freelance),,,,,none recorded,Q701,P17,1886-11-17T00:00:00Z,,,,11,,1886,,,1886-11-17T00:00:00Z,1886,1880,1886-11-17T00:00:00Z,11,other,Helen Mary Tirard,https://beyond-notability.wikibase.cloud/entity/Q1065,55,1853-01-01T00:00:00Z,1943-01-01T00:00:00Z,1853,1943,82,none recorded,November,17,17 November 1886,Q1065-b8add98f-4c6f-9cc5-026d-1bd2c5ce05dd
Q1065,Helen Mary Tirard,Lecturer (freelance),,,,,none recorded,Q701,P17,1887-02-25T00:00:00Z,,,,11,,1887,,,1887-02-25T00:00:00Z,1887,1880,1887-02-25T00:00:00Z,11,other,Helen Mary Tirard,https://beyond-notability.wikibase.cloud/entity/Q1065,55,1853-01-01T00:00:00Z,1943-01-01T00:00:00Z,1853,1943,82,none recorded,February,25,25 February 1887,Q1065-aab58a66-4297-7a77-32fd-316fb6410969
Q1065,Helen Mary Tirard,Lecturer (freelance),,,,,none recorded,Q701,P17,1887-03-01T00:00:00Z,,,,11,,1887,,,1887-03-01T00:00:00Z,1887,1880,1887-03-01T00:00:00Z,11,other,Helen Mary Tirard,https://beyond-notability.wikibase.cloud/entity/Q1065,55,1853-01-01T00:00:00Z,1943-01-01T00:00:00Z,1853,1943,82,none recorded,March,1,1 March 1887,Q1065-ba6f2a6f-4f42-4d91-9d92-a4ddb2e34caf
Q1065,Helen Mary Tirard,Lecturer (freelance),,,,,none recorded,Q701,P17,1887-05-13T00:00:00Z,,,,11,,1887,,,1887-05-13T00:00:00Z,1887,1880,1887-05-13T00:00:00Z,11,other,Helen Mary Tirard,https://beyond-notability.wikibase.cloud/entity/Q1065,55,1853-01-01T00:00:00Z,1943-01-01T00:00:00Z,1853,1943,82,none recorded,May,13,13 May 1887,Q1065-4f6f8d83-4748-40ad-778b-00a0929e40da
Q1065,Helen Mary Tirard,Lecturer (freelance),,,,,none recorded,Q701,P17,1887-11-08T00:00:00Z,,,,11,,1887,,,1887-11-08T00:00:00Z,1887,1880,1887-11-08T00:00:00Z,11,other,Helen Mary Tirard,https://beyond-notability.wikibase.cloud/entity/Q1065,55,1853-01-01T00:00:00Z,1943-01-01T00:00:00Z,1853,1943,82,none recorded,November,8,8 November 1887,Q1065-b47d2f93-4536-bb49-b996-94a7995e1dcb
Q1065,Helen Mary Tirard,Lecturer (freelance),,,,,none recorded,Q701,P17,1887-11-11T00:00:00Z,,,,11,,1887,,,1887-11-11T00:00:00Z,1887,1880,1887-11-11T00:00:00Z,11,other,Helen Mary Tirard,https://beyond-notability.wikibase.cloud/entity/Q1065,55,1853-01-01T00:00:00Z,1943-01-01T00:00:00Z,1853,1943,82,none recorded,November,11,11 November 1887,Q1065-af0c26ca-4531-c03a-c931-c38f9f2b22d6
Q1065,Helen Mary Tirard,Lecturer (freelance),,,,,none recorded,Q701,P17,1888-04-13T00:00:00Z,,,,11,,1888,,,1888-04-13T00:00:00Z,1888,1880,1888-04-13T00:00:00Z,11,other,Helen Mary Tirard,https://beyond-notability.wikibase.cloud/entity/Q1065,55,1853-01-01T00:00:00Z,1943-01-01T00:00:00Z,1853,1943,82,none recorded,April,13,13 April 1888,Q1065-42550488-485f-8885-9147-f67f88755153
Q1065,Helen Mary Tirard,Lecturer (freelance),King's College Ladies Department,,Q603,,King's College Ladies Department,Q701,P17,1889-10-16T00:00:00Z,,,,11,,1889,,,1889-10-16T00:00:00Z,1889,1880,1889-10-16T00:00:00Z,11,other,Helen Mary Tirard,https://beyond-notability.wikibase.cloud/entity/Q1065,55,1853-01-01T00:00:00Z,1943-01-01T00:00:00Z,1853,1943,10,King's College Ladies Department,October,16,16 October 1889,Q1065-b446d354-439d-cad2-cefe-1b3763e88fa7
Q1065,Helen Mary Tirard,Lecturer (freelance),,,,,none recorded,Q701,P17,1890-01-01T00:00:00Z,,,,9,,1890,,,1890-01-01T00:00:00Z,1890,1890,1890-01-01T00:00:00Z,9,other,Helen Mary Tirard,https://beyond-notability.wikibase.cloud/entity/Q1065,55,1853-01-01T00:00:00Z,1943-01-01T00:00:00Z,1853,1943,82,none recorded,January,1,1890,Q1065-bcd56e5c-4cb1-e2ff-9c7a-ae0e164ffa2a
Q1065,Helen Mary Tirard,Lecturer (freelance),,,,,none recorded,Q701,P17,1890-06-09T00:00:00Z,,,,11,,1890,,,1890-06-09T00:00:00Z,1890,1890,1890-06-09T00:00:00Z,11,other,Helen Mary Tirard,https://beyond-notability.wikibase.cloud/entity/Q1065,55,1853-01-01T00:00:00Z,1943-01-01T00:00:00Z,1853,1943,82,none recorded,June,9,9 June 1890,Q1065-985e4d66-4b73-a895-5ffc-ddce6af7a052
Q1065,Helen Mary Tirard,Lecturer (freelance),King's College Ladies Department,,Q603,,King's College Ladies Department,Q701,P17,1890-10-01T00:00:00Z,,,,10,,1890,,,1890-10-01T00:00:00Z,1890,1890,1890-10-01T00:00:00Z,10,other,Helen Mary Tirard,https://beyond-notability.wikibase.cloud/entity/Q1065,55,1853-01-01T00:00:00Z,1943-01-01T00:00:00Z,1853,1943,10,King's College Ladies Department,October,1,October 1890,Q1065-98ce1f60-4c51-c72b-6c7e-955c17211895
Q1065,Helen Mary Tirard,Lecturer (freelance),King's College Ladies Department,,Q603,,King's College Ladies Department,Q701,P17,1891-10-01T00:00:00Z,,,,10,,1891,,,1891-10-01T00:00:00Z,1891,1890,1891-10-01T00:00:00Z,10,other,Helen Mary Tirard,https://beyond-notability.wikibase.cloud/entity/Q1065,55,1853-01-01T00:00:00Z,1943-01-01T00:00:00Z,1853,1943,10,King's College Ladies Department,October,1,October 1891,Q1065-8e05e76c-4adb-e5c5-eb70-11ee5337d78c
Q1065,Helen Mary Tirard,Lecturer (freelance),,,,,none recorded,Q701,P17,,,1892-03-25T00:00:00Z,,,11,,,1892,1892-03-25T00:00:00Z,1892,1890,1892-03-25T00:00:00Z,11,other,Helen Mary Tirard,https://beyond-notability.wikibase.cloud/entity/Q1065,55,1853-01-01T00:00:00Z,1943-01-01T00:00:00Z,1853,1943,82,none recorded,March,25,25 March 1892,Q1065-7361029f-419a-28c9-0a9b-3aa473795efb
Q1065,Helen Mary Tirard,Lecturer (freelance),King's College Ladies Department,,Q603,,King's College Ladies Department,Q701,P17,1892-10-26T00:00:00Z,,,,11,,1892,,,1892-10-26T00:00:00Z,1892,1890,1892-10-26T00:00:00Z,11,other,Helen Mary Tirard,https://beyond-notability.wikibase.cloud/entity/Q1065,55,1853-01-01T00:00:00Z,1943-01-01T00:00:00Z,1853,1943,10,King's College Ladies Department,October,26,26 October 1892,Q1065-c33eae49-404c-b4f3-3c56-01346b80c7fd
Q1065,Helen Mary Tirard,Lecturer (freelance),,,,,none recorded,Q701,P17,1893-03-10T00:00:00Z,,,,11,,1893,,,1893-03-10T00:00:00Z,1893,1890,1893-03-10T00:00:00Z,11,other,Helen Mary Tirard,https://beyond-notability.wikibase.cloud/entity/Q1065,55,1853-01-01T00:00:00Z,1943-01-01T00:00:00Z,1853,1943,82,none recorded,March,10,10 March 1893,Q1065-df780160-452a-cac3-33e6-bf98d51d1565
Q1065,Helen Mary Tirard,Lecturer (freelance),King's College Ladies Department,,Q603,,King's College Ladies Department,Q701,P17,,,1894-04-01T00:00:00Z,,,10,,,1894,1894-04-01T00:00:00Z,1894,1890,1894-04-01T00:00:00Z,10,other,Helen Mary Tirard,https://beyond-notability.wikibase.cloud/entity/Q1065,55,1853-01-01T00:00:00Z,1943-01-01T00:00:00Z,1853,1943,10,King's College Ladies Department,April,1,April 1894,Q1065-0f6dbf54-45f3-af00-20de-1778340096d9
Q1065,Helen Mary Tirard,Lecturer (freelance),King's College Ladies Department,,Q603,,King's College Ladies Department,Q701,P17,,,1894-10-01T00:00:00Z,,,10,,,1894,1894-10-01T00:00:00Z,1894,1890,1894-10-01T00:00:00Z,10,other,Helen Mary Tirard,https://beyond-notability.wikibase.cloud/entity/Q1065,55,1853-01-01T00:00:00Z,1943-01-01T00:00:00Z,1853,1943,10,King's College Ladies Department,October,1,October 1894,Q1065-4b2c56c7-4eef-e848-400f-aec56bb3f86b
Q1065,Helen Mary Tirard,Lecturer (freelance),King's College Ladies Department,,Q603,,King's College Ladies Department,Q701,P17,1894-10-29T00:00:00Z,,,,11,,1894,,,1894-10-29T00:00:00Z,1894,1890,1894-10-29T00:00:00Z,11,other,Helen Mary Tirard,https://beyond-notability.wikibase.cloud/entity/Q1065,55,1853-01-01T00:00:00Z,1943-01-01T00:00:00Z,1853,1943,10,King's College Ladies Department,October,29,29 October 1894,Q1065-698c23d7-439b-3cc3-05e1-afa4da4ef816
Q866,Isobel Dorothy Thornley,Lecturer (Extension),University College London Extension Centre,,Q3020,,University College London Extension Centre,Q3021,P17,1919-01-01T00:00:00Z,1920-01-01T00:00:00Z,,9,9,,1919,1920,,1919-01-01T00:00:00Z,1919,1910,1920-01-01T00:00:00Z,9,other,Isobel Dorothy Thornley,https://beyond-notability.wikibase.cloud/entity/Q866,36,1893-01-01T00:00:00Z,1941-02-05T00:00:00Z,1893,1941,15,University College London Extension Centre,January,1,1919,Q866-5c8d762b-4292-1d4f-4556-0d5535fe5eb3
Q866,Isobel Dorothy Thornley,Lecturer (Extension),University College London Extension Centre,,Q3020,,University College London Extension Centre,Q3021,P17,1920-01-01T00:00:00Z,1930-01-01T00:00:00Z,,9,9,,1920,1930,,1920-01-01T00:00:00Z,1920,1920,1930-01-01T00:00:00Z,9,other,Isobel Dorothy Thornley,https://beyond-notability.wikibase.cloud/entity/Q866,36,1893-01-01T00:00:00Z,1941-02-05T00:00:00Z,1893,1941,15,University College London Extension Centre,January,1,1920,Q866-7a9c1280-4375-b900-9ae5-e76a307760c3
Q866,Isobel Dorothy Thornley,Lecturer (Extension),University College London Extension Centre,,Q3020,,University College London Extension Centre,Q3021,P17,1921-01-01T00:00:00Z,1930-01-01T00:00:00Z,,9,9,,1921,1930,,1921-01-01T00:00:00Z,1921,1920,1930-01-01T00:00:00Z,9,other,Isobel Dorothy Thornley,https://beyond-notability.wikibase.cloud/entity/Q866,36,1893-01-01T00:00:00Z,1941-02-05T00:00:00Z,1893,1941,15,University College London Extension Centre,January,1,1921,Q866-1b9420cc-4e62-4b43-ffd7-b8135e9db4b8
Q911,Jane Ellen Harrison,Lecturer (freelance),,,,,none recorded,Q701,P17,1881-02-11T00:00:00Z,,,,11,,1881,,,1881-02-11T00:00:00Z,1881,1880,1881-02-11T00:00:00Z,11,other,Jane Ellen Harrison,https://beyond-notability.wikibase.cloud/entity/Q911,99,1850-09-09T00:00:00Z,1928-04-15T00:00:00Z,1850,1928,82,none recorded,February,11,11 February 1881,Q911-a72184d9-4b3f-b75d-df49-b697e05f28db
Q911,Jane Ellen Harrison,Lecturer (freelance),,,,,none recorded,Q701,P17,1882-10-18T00:00:00Z,,,,11,,1882,,,1882-10-18T00:00:00Z,1882,1880,1882-10-18T00:00:00Z,11,other,Jane Ellen Harrison,https://beyond-notability.wikibase.cloud/entity/Q911,99,1850-09-09T00:00:00Z,1928-04-15T00:00:00Z,1850,1928,82,none recorded,October,18,18 October 1882,Q911-437e2833-47e7-c8ec-5b58-587e15345268
Q911,Jane Ellen Harrison,Lecturer (freelance),"The Corporation Museum and Art Gallery, Leicester",,Q2120,,"The Corporation Museum and Art Gallery, Leicester",Q701,P17,,,1885-01-01T00:00:00Z,,,9,,,1885,1885-01-01T00:00:00Z,1885,1880,1885-01-01T00:00:00Z,9,other,Jane Ellen Harrison,https://beyond-notability.wikibase.cloud/entity/Q911,99,1850-09-09T00:00:00Z,1928-04-15T00:00:00Z,1850,1928,1,"The Corporation Museum and Art Gallery, Leicester",January,1,1885,Q911-fc1f3c48-4785-be53-6fd9-407e8a964ce9
Q911,Jane Ellen Harrison,Lecturer (freelance),,,,,none recorded,Q701,P17,,,1885-02-01T00:00:00Z,,,10,,,1885,1885-02-01T00:00:00Z,1885,1880,1885-02-01T00:00:00Z,10,other,Jane Ellen Harrison,https://beyond-notability.wikibase.cloud/entity/Q911,99,1850-09-09T00:00:00Z,1928-04-15T00:00:00Z,1850,1928,82,none recorded,February,1,February 1885,Q911-4c0ebb27-4abb-a49b-d137-b69dc4958d1c
Q911,Jane Ellen Harrison,Lecturer (freelance),,,,,none recorded,Q701,P17,1885-11-01T00:00:00Z,,,,10,,1885,,,1885-11-01T00:00:00Z,1885,1880,1885-11-01T00:00:00Z,10,other,Jane Ellen Harrison,https://beyond-notability.wikibase.cloud/entity/Q911,99,1850-09-09T00:00:00Z,1928-04-15T00:00:00Z,1850,1928,82,none recorded,November,1,November 1885,Q911-466c5cde-4412-f2da-3316-0842b078bec1
Q911,Jane Ellen Harrison,Lecturer (freelance),,,,,none recorded,Q701,P17,,,1885-11-01T00:00:00Z,,,10,,,1885,1885-11-01T00:00:00Z,1885,1880,1885-11-01T00:00:00Z,10,other,Jane Ellen Harrison,https://beyond-notability.wikibase.cloud/entity/Q911,99,1850-09-09T00:00:00Z,1928-04-15T00:00:00Z,1850,1928,82,none recorded,November,1,November 1885,Q911-97a88b9d-4dd2-7dd3-c948-af9a64f72937
Q911,Jane Ellen Harrison,Lecturer (freelance),,,,,none recorded,Q701,P17,,,1886-05-01T00:00:00Z,,,10,,,1886,1886-05-01T00:00:00Z,1886,1880,1886-05-01T00:00:00Z,10,other,Jane Ellen Harrison,https://beyond-notability.wikibase.cloud/entity/Q911,99,1850-09-09T00:00:00Z,1928-04-15T00:00:00Z,1850,1928,82,none recorded,May,1,May 1886,Q911-6bb8b437-45a7-525b-fb1e-e25c37214745
Q911,Jane Ellen Harrison,Lecturer (freelance),,,,,none recorded,Q701,P17,,,1886-05-01T00:00:00Z,,,10,,,1886,1886-05-01T00:00:00Z,1886,1880,1886-05-01T00:00:00Z,10,other,Jane Ellen Harrison,https://beyond-notability.wikibase.cloud/entity/Q911,99,1850-09-09T00:00:00Z,1928-04-15T00:00:00Z,1850,1928,82,none recorded,May,1,May 1886,Q911-82621988-40c9-1229-3ea6-524f9ab5e836
Q911,Jane Ellen Harrison,Lecturer (freelance),,,,,none recorded,Q701,P17,1886-05-12T00:00:00Z,,,,11,,1886,,,1886-05-12T00:00:00Z,1886,1880,1886-05-12T00:00:00Z,11,other,Jane Ellen Harrison,https://beyond-notability.wikibase.cloud/entity/Q911,99,1850-09-09T00:00:00Z,1928-04-15T00:00:00Z,1850,1928,82,none recorded,May,12,12 May 1886,Q911-dbc3494c-4aa6-ca8e-4def-a5b52af6070d
Q911,Jane Ellen Harrison,Lecturer (freelance),,,,,none recorded,Q701,P17,1886-06-09T00:00:00Z,,,,11,,1886,,,1886-06-09T00:00:00Z,1886,1880,1886-06-09T00:00:00Z,11,other,Jane Ellen Harrison,https://beyond-notability.wikibase.cloud/entity/Q911,99,1850-09-09T00:00:00Z,1928-04-15T00:00:00Z,1850,1928,82,none recorded,June,9,9 June 1886,Q911-0931a56b-4039-b0c0-b418-ab583f52b5fc
Q911,Jane Ellen Harrison,Lecturer (freelance),,,,,none recorded,Q701,P17,1886-06-11T00:00:00Z,,,,11,,1886,,,1886-06-11T00:00:00Z,1886,1880,1886-06-11T00:00:00Z,11,other,Jane Ellen Harrison,https://beyond-notability.wikibase.cloud/entity/Q911,99,1850-09-09T00:00:00Z,1928-04-15T00:00:00Z,1850,1928,82,none recorded,June,11,11 June 1886,Q911-d4983846-4d5e-c5c2-8de6-008fdf6a24f2
Q911,Jane Ellen Harrison,Lecturer (Extension),Wimbledon Centre for University Extension,,Q2686,,Wimbledon Centre for University Extension,Q3021,P17,1886-10-01T00:00:00Z,1886-12-01T00:00:00Z,,10,10,,1886,1886,,1886-10-01T00:00:00Z,1886,1880,1886-12-01T00:00:00Z,10,other,Jane Ellen Harrison,https://beyond-notability.wikibase.cloud/entity/Q911,99,1850-09-09T00:00:00Z,1928-04-15T00:00:00Z,1850,1928,1,Other extension centres,October,1,October 1886,Q911-ac9af78d-4612-fc39-89ca-dfcc9005b5e2
Q911,Jane Ellen Harrison,Lecturer (freelance),,,,,none recorded,Q701,P17,,,1886-11-01T00:00:00Z,,,10,,,1886,1886-11-01T00:00:00Z,1886,1880,1886-11-01T00:00:00Z,10,other,Jane Ellen Harrison,https://beyond-notability.wikibase.cloud/entity/Q911,99,1850-09-09T00:00:00Z,1928-04-15T00:00:00Z,1850,1928,82,none recorded,November,1,November 1886,Q911-d6eec547-4950-a46c-931f-dd20afb90cb9
Q911,Jane Ellen Harrison,Lecturer (freelance),Association for the Education of Women,,Q2119,,Association for the Education of Women,Q701,P17,1887-01-19T00:00:00Z,,,,11,,1887,,,1887-01-19T00:00:00Z,1887,1880,1887-01-19T00:00:00Z,11,other,Jane Ellen Harrison,https://beyond-notability.wikibase.cloud/entity/Q911,99,1850-09-09T00:00:00Z,1928-04-15T00:00:00Z,1850,1928,1,Association for the Education of Women,January,19,19 January 1887,Q911-605df89b-4727-77bc-b3ec-3c22d3834165
Q911,Jane Ellen Harrison,Lecturer (freelance),,,,,none recorded,Q701,P17,1888-11-02T00:00:00Z,,,,11,,1888,,,1888-11-02T00:00:00Z,1888,1880,1888-11-02T00:00:00Z,11,other,Jane Ellen Harrison,https://beyond-notability.wikibase.cloud/entity/Q911,99,1850-09-09T00:00:00Z,1928-04-15T00:00:00Z,1850,1928,82,none recorded,November,2,2 November 1888,Q911-d392662e-487c-8eb8-82eb-795a571701b7
Q911,Jane Ellen Harrison,Lecturer (Extension),Chelsea Centre for University Extension,,Q2509,,Chelsea Centre for University Extension,Q3021,P17,1890-01-24T00:00:00Z,,,,11,,1890,,,1890-01-24T00:00:00Z,1890,1890,1890-01-24T00:00:00Z,11,other,Jane Ellen Harrison,https://beyond-notability.wikibase.cloud/entity/Q911,99,1850-09-09T00:00:00Z,1928-04-15T00:00:00Z,1850,1928,8,Chelsea Centre for University Extension,January,24,24 January 1890,Q911-9778d75d-426d-bd25-e002-ae6b920197b9
Q911,Jane Ellen Harrison,Lecturer (Extension),Royal Holloway College Centre for University Extension,,Q2682,,Royal Holloway College Centre for University Extension,Q3021,P17,1890-10-06T00:00:00Z,,,,11,,1890,,,1890-10-06T00:00:00Z,1890,1890,1890-10-06T00:00:00Z,11,other,Jane Ellen Harrison,https://beyond-notability.wikibase.cloud/entity/Q911,99,1850-09-09T00:00:00Z,1928-04-15T00:00:00Z,1850,1928,2,Royal Holloway College Centre for University Extension,October,6,6 October 1890,Q911-b4357b70-40b7-ecc5-96ff-9db14e2f779a
Q911,Jane Ellen Harrison,Lecturer (Extension),Chelsea Centre for University Extension,,Q2509,,Chelsea Centre for University Extension,Q3021,P17,1890-11-26T00:00:00Z,,,,11,,1890,,,1890-11-26T00:00:00Z,1890,1890,1890-11-26T00:00:00Z,11,other,Jane Ellen Harrison,https://beyond-notability.wikibase.cloud/entity/Q911,99,1850-09-09T00:00:00Z,1928-04-15T00:00:00Z,1850,1928,8,Chelsea Centre for University Extension,November,26,26 November 1890,Q911-72aaf8ce-4e5d-ff3c-c19e-cc33a284da3a
Q911,Jane Ellen Harrison,Lecturer (Extension),Chelsea Centre for University Extension,,Q2509,,Chelsea Centre for University Extension,Q3021,P17,,,1891-01-01T00:00:00Z,,,9,,,1891,1891-01-01T00:00:00Z,1891,1890,1891-01-01T00:00:00Z,9,other,Jane Ellen Harrison,https://beyond-notability.wikibase.cloud/entity/Q911,99,1850-09-09T00:00:00Z,1928-04-15T00:00:00Z,1850,1928,8,Chelsea Centre for University Extension,January,1,1891,Q911-5f531a1f-47b6-37e1-8bbe-1e25ead91e64
Q911,Jane Ellen Harrison,Lecturer (Extension),Chelsea Centre for University Extension,,Q2509,,Chelsea Centre for University Extension,Q3021,P17,,,1891-01-01T00:00:00Z,,,9,,,1891,1891-01-01T00:00:00Z,1891,1890,1891-01-01T00:00:00Z,9,other,Jane Ellen Harrison,https://beyond-notability.wikibase.cloud/entity/Q911,99,1850-09-09T00:00:00Z,1928-04-15T00:00:00Z,1850,1928,8,Chelsea Centre for University Extension,January,1,1891,Q911-65c87d87-44d2-010d-bfde-c094b1511d0f
Q911,Jane Ellen Harrison,Lecturer (freelance),,,,,none recorded,Q701,P17,1892-05-04T00:00:00Z,,,,11,,1892,,,1892-05-04T00:00:00Z,1892,1890,1892-05-04T00:00:00Z,11,other,Jane Ellen Harrison,https://beyond-notability.wikibase.cloud/entity/Q911,99,1850-09-09T00:00:00Z,1928-04-15T00:00:00Z,1850,1928,82,none recorded,May,4,4 May 1892,Q911-4712c5af-44e3-906d-da62-17607d182323
Q911,Jane Ellen Harrison,Lecturer (freelance),King's College Ladies Department,,Q603,,King's College Ladies Department,Q701,P17,1893-10-23T00:00:00Z,,,,11,,1893,,,1893-10-23T00:00:00Z,1893,1890,1893-10-23T00:00:00Z,11,other,Jane Ellen Harrison,https://beyond-notability.wikibase.cloud/entity/Q911,99,1850-09-09T00:00:00Z,1928-04-15T00:00:00Z,1850,1928,10,King's College Ladies Department,October,23,23 October 1893,Q911-f4e33b66-43d8-e929-93ad-fcc605105e3c
Q911,Jane Ellen Harrison,Lecturer (Extension),Chelsea Centre for University Extension,,Q2509,,Chelsea Centre for University Extension,Q3021,P17,,,1894-01-01T00:00:00Z,,,9,,,1894,1894-01-01T00:00:00Z,1894,1890,1894-01-01T00:00:00Z,9,other,Jane Ellen Harrison,https://beyond-notability.wikibase.cloud/entity/Q911,99,1850-09-09T00:00:00Z,1928-04-15T00:00:00Z,1850,1928,8,Chelsea Centre for University Extension,January,1,1894,Q911-1f0c0f08-44ad-9763-ae49-271cad8d8c34
Q911,Jane Ellen Harrison,Lecturer (freelance),King's College Ladies Department,,Q603,,King's College Ladies Department,Q701,P17,1894-10-30T00:00:00Z,,,,11,,1894,,,1894-10-30T00:00:00Z,1894,1890,1894-10-30T00:00:00Z,11,other,Jane Ellen Harrison,https://beyond-notability.wikibase.cloud/entity/Q911,99,1850-09-09T00:00:00Z,1928-04-15T00:00:00Z,1850,1928,10,King's College Ladies Department,October,30,30 October 1894,Q911-022cbfd0-40f4-7b67-38bf-627609ef6bd9
Q911,Jane Ellen Harrison,Lecturer (Extension),Brighton Extension Centre,,Q3496,,Brighton Extension Centre,Q3021,P17,1896-10-02T00:00:00Z,1896-11-06T00:00:00Z,,11,11,,1896,1896,,1896-10-02T00:00:00Z,1896,1890,1896-11-06T00:00:00Z,11,other,Jane Ellen Harrison,https://beyond-notability.wikibase.cloud/entity/Q911,99,1850-09-09T00:00:00Z,1928-04-15T00:00:00Z,1850,1928,1,Other extension centres,October,2,2 October 1896,Q911-cb70a848-4ca6-1b30-4662-520996ffa304
Q911,Jane Ellen Harrison,Lecturer (Extension),Rochester Extension Centre,,Q3495,,Rochester Extension Centre,Q3021,P17,1896-10-06T00:00:00Z,1896-11-10T00:00:00Z,,11,11,,1896,1896,,1896-10-06T00:00:00Z,1896,1890,1896-11-10T00:00:00Z,11,other,Jane Ellen Harrison,https://beyond-notability.wikibase.cloud/entity/Q911,99,1850-09-09T00:00:00Z,1928-04-15T00:00:00Z,1850,1928,1,Other extension centres,October,6,6 October 1896,Q911-983b400b-4e4b-eb7a-8735-0a8176e106fd
Q911,Jane Ellen Harrison,Lecturer (Extension),Edgbaston Extension Centre,,Q3494,,Edgbaston Extension Centre,Q3021,P17,1896-10-08T00:00:00Z,1896-11-12T00:00:00Z,,11,11,,1896,1896,,1896-10-08T00:00:00Z,1896,1890,1896-11-12T00:00:00Z,11,other,Jane Ellen Harrison,https://beyond-notability.wikibase.cloud/entity/Q911,99,1850-09-09T00:00:00Z,1928-04-15T00:00:00Z,1850,1928,2,Edgbaston Extension Centre,October,8,8 October 1896,Q911-3fb5fced-4191-1dff-776a-e301301d5af7
Q970,Jessie MacGregor,Lecturer (Extension),Victoria University Extension,,Q3162,,Victoria University Extension,Q3021,P17,,,1896-01-01T00:00:00Z,,,9,,,1896,1896-01-01T00:00:00Z,1896,1890,1896-01-01T00:00:00Z,9,other,Jessie MacGregor,https://beyond-notability.wikibase.cloud/entity/Q970,44,1847-01-01T00:00:00Z,1919-01-01T00:00:00Z,1847,1919,8,Victoria University Extension,January,1,1896,Q970-ac50b4f4-4099-dc04-36bd-687b75e6b9b3
Q970,Jessie MacGregor,Lecturer (Extension),Victoria University Extension,,Q3162,,Victoria University Extension,Q3021,P17,,,1900-01-01T00:00:00Z,,,9,,,1900,1900-01-01T00:00:00Z,1900,1900,1900-01-01T00:00:00Z,9,other,Jessie MacGregor,https://beyond-notability.wikibase.cloud/entity/Q970,44,1847-01-01T00:00:00Z,1919-01-01T00:00:00Z,1847,1919,8,Victoria University Extension,January,1,1900,Q970-75c66531-4dc6-cc12-7b39-0864f70614b3
Q970,Jessie MacGregor,Lecturer (Extension),Victoria University Extension,,Q3162,,Victoria University Extension,Q3021,P17,,,1903-01-01T00:00:00Z,,,9,,,1903,1903-01-01T00:00:00Z,1903,1900,1903-01-01T00:00:00Z,9,other,Jessie MacGregor,https://beyond-notability.wikibase.cloud/entity/Q970,44,1847-01-01T00:00:00Z,1919-01-01T00:00:00Z,1847,1919,8,Victoria University Extension,January,1,1903,Q970-ef2b9a36-49ee-46ea-1238-4e9693c3eb71
Q970,Jessie MacGregor,Lecturer (Extension),Victoria University Extension,,Q3162,,Victoria University Extension,Q3021,P17,,,1904-01-01T00:00:00Z,,,9,,,1904,1904-01-01T00:00:00Z,1904,1900,1904-01-01T00:00:00Z,9,other,Jessie MacGregor,https://beyond-notability.wikibase.cloud/entity/Q970,44,1847-01-01T00:00:00Z,1919-01-01T00:00:00Z,1847,1919,8,Victoria University Extension,January,1,1904,Q970-a4b78e81-4405-673a-ba0c-4ea8be600bab
Q970,Jessie MacGregor,Lecturer (freelance),,,,,none recorded,Q701,P17,1904-02-01T00:00:00Z,1904-03-28T00:00:00Z,,11,10,,1904,1904,,1904-02-01T00:00:00Z,1904,1900,1904-03-28T00:00:00Z,11,other,Jessie MacGregor,https://beyond-notability.wikibase.cloud/entity/Q970,44,1847-01-01T00:00:00Z,1919-01-01T00:00:00Z,1847,1919,82,none recorded,February,1,1 February 1904,Q970-9325b8b5-437f-5e58-55ec-9741d75fdd46
Q970,Jessie MacGregor,Lecturer (Extension),Victoria University Extension,,Q3162,,Victoria University Extension,Q3021,P17,,,1905-01-01T00:00:00Z,,,9,,,1905,1905-01-01T00:00:00Z,1905,1900,1905-01-01T00:00:00Z,9,other,Jessie MacGregor,https://beyond-notability.wikibase.cloud/entity/Q970,44,1847-01-01T00:00:00Z,1919-01-01T00:00:00Z,1847,1919,8,Victoria University Extension,January,1,1905,Q970-355e5dbc-4663-a048-6ff8-b7a322b958cf
Q970,Jessie MacGregor,Lecturer (Extension),Victoria University Extension,,Q3162,,Victoria University Extension,Q3021,P17,,,1906-01-01T00:00:00Z,,,9,,,1906,1906-01-01T00:00:00Z,1906,1900,1906-01-01T00:00:00Z,9,other,Jessie MacGregor,https://beyond-notability.wikibase.cloud/entity/Q970,44,1847-01-01T00:00:00Z,1919-01-01T00:00:00Z,1847,1919,8,Victoria University Extension,January,1,1906,Q970-1061d560-42ee-14b4-4cb0-da634bd19444
Q970,Jessie MacGregor,Lecturer (Extension),Victoria University Extension,,Q3162,,Victoria University Extension,Q3021,P17,,,1907-01-01T00:00:00Z,,,9,,,1907,1907-01-01T00:00:00Z,1907,1900,1907-01-01T00:00:00Z,9,other,Jessie MacGregor,https://beyond-notability.wikibase.cloud/entity/Q970,44,1847-01-01T00:00:00Z,1919-01-01T00:00:00Z,1847,1919,8,Victoria University Extension,January,1,1907,Q970-88212500-44f1-8166-1248-726d8f702f10
Q970,Jessie MacGregor,Lecturer (Extension),Victoria University Extension,,Q3162,,Victoria University Extension,Q3021,P17,,,1908-01-01T00:00:00Z,,,9,,,1908,1908-01-01T00:00:00Z,1908,1900,1908-01-01T00:00:00Z,9,other,Jessie MacGregor,https://beyond-notability.wikibase.cloud/entity/Q970,44,1847-01-01T00:00:00Z,1919-01-01T00:00:00Z,1847,1919,8,Victoria University Extension,January,1,1908,Q970-71b18c55-4b73-a8db-984a-8531b667f0c1
Q2683,Katherine Ann Raleigh,Lecturer (freelance),,,,,none recorded,Q701,P17,1892-03-01T00:00:00Z,,,,10,,1892,,,1892-03-01T00:00:00Z,1892,1890,1892-03-01T00:00:00Z,10,other,Katherine Ann Raleigh,https://beyond-notability.wikibase.cloud/entity/Q2683,37,1852-05-09T00:00:00Z,1937-01-11T00:00:00Z,1852,1937,82,none recorded,March,1,March 1892,Q2683-3f0b7fe2-43e3-5aba-66a2-0a1b225ec2d3
Q2683,Katherine Ann Raleigh,Lecturer (freelance),,,,,none recorded,Q701,P17,1896-03-01T00:00:00Z,,,,10,,1896,,,1896-03-01T00:00:00Z,1896,1890,1896-03-01T00:00:00Z,10,other,Katherine Ann Raleigh,https://beyond-notability.wikibase.cloud/entity/Q2683,37,1852-05-09T00:00:00Z,1937-01-11T00:00:00Z,1852,1937,82,none recorded,March,1,March 1896,Q2683-24f93927-47ba-5d2c-a7fd-b5913501dbdc
Q2683,Katherine Ann Raleigh,Lecturer (freelance),,,,,none recorded,Q701,P17,1897-01-07T00:00:00Z,,,,11,,1897,,,1897-01-07T00:00:00Z,1897,1890,1897-01-07T00:00:00Z,11,other,Katherine Ann Raleigh,https://beyond-notability.wikibase.cloud/entity/Q2683,37,1852-05-09T00:00:00Z,1937-01-11T00:00:00Z,1852,1937,82,none recorded,January,7,7 January 1897,Q2683-dc79d9f3-45f0-dbf9-efee-e92526f7df5a
Q2683,Katherine Ann Raleigh,Lecturer (freelance),,,,,none recorded,Q701,P17,1897-04-27T00:00:00Z,,,,11,,1897,,,1897-04-27T00:00:00Z,1897,1890,1897-04-27T00:00:00Z,11,other,Katherine Ann Raleigh,https://beyond-notability.wikibase.cloud/entity/Q2683,37,1852-05-09T00:00:00Z,1937-01-11T00:00:00Z,1852,1937,82,none recorded,April,27,27 April 1897,Q2683-d0c06b7d-4ee8-f93a-dad1-324fd2987fce
Q3628,Katherine Routledge,Lecturer (Extension),,,,,none recorded,Q3021,P17,1896-01-01T00:00:00Z,,,,9,,1896,,,1896-01-01T00:00:00Z,1896,1890,1896-01-01T00:00:00Z,9,other,Katherine Routledge,https://beyond-notability.wikibase.cloud/entity/Q3628,58,1866-03-11T00:00:00Z,1935-01-01T00:00:00Z,1866,1935,82,none recorded,January,1,1896,Q3628-c9cdd66c-4f40-b9ab-60ee-61c2cd9560ce
Q3628,Katherine Routledge,Lecturer (Extension),,,,,none recorded,Q3021,P17,1897-02-04T00:00:00Z,,,,11,,1897,,,1897-02-04T00:00:00Z,1897,1890,1897-02-04T00:00:00Z,11,other,Katherine Routledge,https://beyond-notability.wikibase.cloud/entity/Q3628,58,1866-03-11T00:00:00Z,1935-01-01T00:00:00Z,1866,1935,82,none recorded,February,4,4 February 1897,Q3628-987ef803-445e-be9c-a9ce-1bcafb56faa9
Q3628,Katherine Routledge,Lecturer (Extension),,,,,none recorded,Q3021,P17,1897-10-04T00:00:00Z,1897-12-13T00:00:00Z,,11,11,,1897,1897,,1897-10-04T00:00:00Z,1897,1890,1897-12-13T00:00:00Z,11,other,Katherine Routledge,https://beyond-notability.wikibase.cloud/entity/Q3628,58,1866-03-11T00:00:00Z,1935-01-01T00:00:00Z,1866,1935,82,none recorded,October,4,4 October 1897,Q3628-78990881-45df-55e1-e1bf-44430aa22bf0
Q3628,Katherine Routledge,Lecturer (Extension),,,,,none recorded,Q3021,P17,1897-10-11T00:00:00Z,1897-12-20T00:00:00Z,,11,11,,1897,1897,,1897-10-11T00:00:00Z,1897,1890,1897-12-20T00:00:00Z,11,other,Katherine Routledge,https://beyond-notability.wikibase.cloud/entity/Q3628,58,1866-03-11T00:00:00Z,1935-01-01T00:00:00Z,1866,1935,82,none recorded,October,11,11 October 1897,Q3628-96df69ba-4c9f-e69a-65dc-05ccb6873fb2
Q3628,Katherine Routledge,Lecturer (Extension),,,,,none recorded,Q3021,P17,1897-10-22T00:00:00Z,1898-01-28T00:00:00Z,,11,11,,1897,1898,,1897-10-22T00:00:00Z,1897,1890,1898-01-28T00:00:00Z,11,other,Katherine Routledge,https://beyond-notability.wikibase.cloud/entity/Q3628,58,1866-03-11T00:00:00Z,1935-01-01T00:00:00Z,1866,1935,82,none recorded,October,22,22 October 1897,Q3628-2b916e4c-45ff-9079-c3fa-621b335e5832
Q2004,Kathleen Schlesinger,Lecturer (freelance),,,,,none recorded,Q701,P17,1913-10-01T00:00:00Z,1913-11-01T00:00:00Z,,10,10,,1913,1913,,1913-10-01T00:00:00Z,1913,1910,1913-11-01T00:00:00Z,10,other,Kathleen Schlesinger,https://beyond-notability.wikibase.cloud/entity/Q2004,44,1862-06-27T00:00:00Z,1953-04-16T00:00:00Z,1862,1953,82,none recorded,October,1,October 1913,Q2004-6185aeac-43dc-ca20-fecd-c5a7fa6f66a6
Q2004,Kathleen Schlesinger,Lecturer (freelance),,,,,none recorded,Q701,P17,1913-12-01T00:00:00Z,1914-02-01T00:00:00Z,,10,10,,1913,1914,,1913-12-01T00:00:00Z,1913,1910,1914-02-01T00:00:00Z,10,other,Kathleen Schlesinger,https://beyond-notability.wikibase.cloud/entity/Q2004,44,1862-06-27T00:00:00Z,1953-04-16T00:00:00Z,1862,1953,82,none recorded,December,1,December 1913,Q2004-3d917e24-4d26-d044-54e9-2815e0785f6b
Q2004,Kathleen Schlesinger,Lecturer (freelance),,,,,none recorded,Q701,P17,1914-05-01T00:00:00Z,1914-06-01T00:00:00Z,,10,10,,1914,1914,,1914-05-01T00:00:00Z,1914,1910,1914-06-01T00:00:00Z,10,other,Kathleen Schlesinger,https://beyond-notability.wikibase.cloud/entity/Q2004,44,1862-06-27T00:00:00Z,1953-04-16T00:00:00Z,1862,1953,82,none recorded,May,1,May 1914,Q2004-91e6e494-42ea-4d0e-719a-87d8879813f3
Q2004,Kathleen Schlesinger,Lecturer (freelance),,,,,none recorded,Q701,P17,1914-10-01T00:00:00Z,,,,10,,1914,,,1914-10-01T00:00:00Z,1914,1910,1914-10-01T00:00:00Z,10,other,Kathleen Schlesinger,https://beyond-notability.wikibase.cloud/entity/Q2004,44,1862-06-27T00:00:00Z,1953-04-16T00:00:00Z,1862,1953,82,none recorded,October,1,October 1914,Q2004-9f7d2d4b-41cd-33eb-521c-f7348ca14f28
Q2004,Kathleen Schlesinger,Lecturer (freelance),Society of Women Musicians,,Q2005,,Society of Women Musicians,Q701,P17,,,1918-01-01T00:00:00Z,,,9,,,1918,1918-01-01T00:00:00Z,1918,1910,1918-01-01T00:00:00Z,9,other,Kathleen Schlesinger,https://beyond-notability.wikibase.cloud/entity/Q2004,44,1862-06-27T00:00:00Z,1953-04-16T00:00:00Z,1862,1953,1,Society of Women Musicians,January,1,1918,Q2004-8cbf9cff-4506-4bac-0992-05aa5f130cbf
Q2739,Lina Eckenstein,Lecturer (Extension),British Museum Extension centre,,Q2745,,British Museum Extension centre,Q3021,P17,1907-01-01T00:00:00Z,1908-01-01T00:00:00Z,,9,9,,1907,1908,,1907-01-01T00:00:00Z,1907,1900,1908-01-01T00:00:00Z,9,other,Lina Eckenstein,https://beyond-notability.wikibase.cloud/entity/Q2739,31,1857-09-23T00:00:00Z,1931-05-04T00:00:00Z,1857,1931,2,British Museum Extension centre,January,1,1907,Q2739-2f8abc7d-4c5e-8d42-c906-d68dd03ee726
Q969,Louisa Macdonald,Lecturer (freelance),,,,,none recorded,Q701,P17,,,1889-01-01T00:00:00Z,,,9,,,1889,1889-01-01T00:00:00Z,1889,1880,1889-01-01T00:00:00Z,9,other,Louisa Macdonald,https://beyond-notability.wikibase.cloud/entity/Q969,29,1858-12-10T00:00:00Z,1949-11-28T00:00:00Z,1858,1949,82,none recorded,January,1,1889,Q969-b2e5a955-4c81-89e4-2dd2-6c859e2999a4
Q569,Margaret Alice Murray,Lecturer (Extension),British Museum Extension centre,,Q2745,,British Museum Extension centre,Q3021,P17,1907-10-01T00:00:00Z,1908-03-31T00:00:00Z,,11,11,,1907,1908,,1907-10-01T00:00:00Z,1907,1900,1908-03-31T00:00:00Z,11,MM,Margaret Alice Murray,https://beyond-notability.wikibase.cloud/entity/Q569,157,1863-07-13T00:00:00Z,1963-11-13T00:00:00Z,1863,1963,2,British Museum Extension centre,October,1,1 October 1907,Q569-41e3bd84-43c9-919d-e6e3-361bd1770b1a
Q569,Margaret Alice Murray,Lecturer (freelance),,,,,none recorded,Q701,P17,1908-04-01T00:00:00Z,1908-05-01T00:00:00Z,,10,10,,1908,1908,,1908-04-01T00:00:00Z,1908,1900,1908-05-01T00:00:00Z,10,MM,Margaret Alice Murray,https://beyond-notability.wikibase.cloud/entity/Q569,157,1863-07-13T00:00:00Z,1963-11-13T00:00:00Z,1863,1963,82,none recorded,April,1,April 1908,Q569-80f7d2d5-40d0-d769-5c3e-ed61604c8cd0
Q569,Margaret Alice Murray,Lecturer (Extension),Ross extension centre,,Q3743,,Ross extension centre,Q3021,P17,1909-01-11T00:00:00Z,,,,11,,1909,,,1909-01-11T00:00:00Z,1909,1900,1909-01-11T00:00:00Z,11,MM,Margaret Alice Murray,https://beyond-notability.wikibase.cloud/entity/Q569,157,1863-07-13T00:00:00Z,1963-11-13T00:00:00Z,1863,1963,1,Other extension centres,January,11,11 January 1909,Q569-5c410f09-45a8-b9e4-e891-eaec27e2462c
Q569,Margaret Alice Murray,Lecturer (Extension),Lyme Regis extension centre,,Q3704,,Lyme Regis extension centre,Q3021,P17,1909-01-14T00:00:00Z,,,,11,,1909,,,1909-01-14T00:00:00Z,1909,1900,1909-01-14T00:00:00Z,11,MM,Margaret Alice Murray,https://beyond-notability.wikibase.cloud/entity/Q569,157,1863-07-13T00:00:00Z,1963-11-13T00:00:00Z,1863,1963,1,Other extension centres,January,14,14 January 1909,Q569-654e2c98-4a8e-f17b-b4bf-c2dd1f982504
Q569,Margaret Alice Murray,Lecturer (Extension),Weymouth extension centre,,Q3703,,Weymouth extension centre,Q3021,P17,1909-01-15T00:00:00Z,,,,11,,1909,,,1909-01-15T00:00:00Z,1909,1900,1909-01-15T00:00:00Z,11,MM,Margaret Alice Murray,https://beyond-notability.wikibase.cloud/entity/Q569,157,1863-07-13T00:00:00Z,1963-11-13T00:00:00Z,1863,1963,1,Other extension centres,January,15,15 January 1909,Q569-84b2d51d-4b8a-dcef-ba5f-17af83181008
Q569,Margaret Alice Murray,Lecturer (Extension),Brentwood extension centre,,Q3701,,Brentwood extension centre,Q3021,P17,1909-10-01T00:00:00Z,,,,10,,1909,,,1909-10-01T00:00:00Z,1909,1900,1909-10-01T00:00:00Z,10,MM,Margaret Alice Murray,https://beyond-notability.wikibase.cloud/entity/Q569,157,1863-07-13T00:00:00Z,1963-11-13T00:00:00Z,1863,1963,1,Other extension centres,October,1,October 1909,Q569-b8958ced-414c-0ca3-82b1-2c3d18cc57b8
Q569,Margaret Alice Murray,Lecturer (Extension),Canterbury extension centre,,Q3702,,Canterbury extension centre,Q3021,P17,1909-10-01T00:00:00Z,,,,10,,1909,,,1909-10-01T00:00:00Z,1909,1900,1909-10-01T00:00:00Z,10,MM,Margaret Alice Murray,https://beyond-notability.wikibase.cloud/entity/Q569,157,1863-07-13T00:00:00Z,1963-11-13T00:00:00Z,1863,1963,1,Other extension centres,October,1,October 1909,Q569-fb8e0680-4c07-959c-79cf-a75e65be1907
Q569,Margaret Alice Murray,Lecturer (Extension),Croydon Centre for University Extension,,Q2689,,Croydon Centre for University Extension,Q3021,P17,1910-01-01T00:00:00Z,1911-01-01T00:00:00Z,,9,9,,1910,1911,,1910-01-01T00:00:00Z,1910,1910,1911-01-01T00:00:00Z,9,MM,Margaret Alice Murray,https://beyond-notability.wikibase.cloud/entity/Q569,157,1863-07-13T00:00:00Z,1963-11-13T00:00:00Z,1863,1963,2,Croydon Centre for University Extension,January,1,1910,Q569-289ed5d2-40f0-f600-1bd0-5968a992731b
Q569,Margaret Alice Murray,Lecturer (Extension),Ramsgate extension centre,,Q3774,,Ramsgate extension centre,Q3021,P17,1910-01-01T00:00:00Z,,,,10,,1910,,,1910-01-01T00:00:00Z,1910,1910,1910-01-01T00:00:00Z,10,MM,Margaret Alice Murray,https://beyond-notability.wikibase.cloud/entity/Q569,157,1863-07-13T00:00:00Z,1963-11-13T00:00:00Z,1863,1963,1,Other extension centres,January,1,January 1910,Q569-3d476c6b-4e6f-85be-10d4-8ea2ca2ee197
Q569,Margaret Alice Murray,Lecturer (Extension),Westend extension centre,,Q3775,,Westend extension centre,Q3021,P17,1910-01-01T00:00:00Z,,,,10,,1910,,,1910-01-01T00:00:00Z,1910,1910,1910-01-01T00:00:00Z,10,MM,Margaret Alice Murray,https://beyond-notability.wikibase.cloud/entity/Q569,157,1863-07-13T00:00:00Z,1963-11-13T00:00:00Z,1863,1963,1,Other extension centres,January,1,January 1910,Q569-b3a4df56-4ac3-5456-ec07-39bc7b7a9e11
Q569,Margaret Alice Murray,Lecturer (Extension),Gloucester extension centre,,Q3773,,Gloucester extension centre,Q3021,P17,1910-10-01T00:00:00Z,,,,10,,1910,,,1910-10-01T00:00:00Z,1910,1910,1910-10-01T00:00:00Z,10,MM,Margaret Alice Murray,https://beyond-notability.wikibase.cloud/entity/Q569,157,1863-07-13T00:00:00Z,1963-11-13T00:00:00Z,1863,1963,2,Gloucester extension centre,October,1,October 1910,Q569-2a437dda-41a9-fae7-3537-23285c02ab2d
Q569,Margaret Alice Murray,Lecturer (Extension),St Neots extension centre,,Q3744,,St Neots extension centre,Q3021,P17,1910-10-01T00:00:00Z,,,,10,,1910,,,1910-10-01T00:00:00Z,1910,1910,1910-10-01T00:00:00Z,10,MM,Margaret Alice Murray,https://beyond-notability.wikibase.cloud/entity/Q569,157,1863-07-13T00:00:00Z,1963-11-13T00:00:00Z,1863,1963,1,Other extension centres,October,1,October 1910,Q569-33a96a63-462d-d6ba-fa97-ce897421c3a2
Q569,Margaret Alice Murray,Lecturer (Extension),Weobley extension centre,,Q3776,,Weobley extension centre,Q3021,P17,1910-10-01T00:00:00Z,,,,10,,1910,,,1910-10-01T00:00:00Z,1910,1910,1910-10-01T00:00:00Z,10,MM,Margaret Alice Murray,https://beyond-notability.wikibase.cloud/entity/Q569,157,1863-07-13T00:00:00Z,1963-11-13T00:00:00Z,1863,1963,1,Other extension centres,October,1,October 1910,Q569-5356d49a-45ac-6614-e847-87ce030efe1b
Q569,Margaret Alice Murray,Lecturer (Extension),Edgbaston Extension Centre,,Q3494,,Edgbaston Extension Centre,Q3021,P17,1911-10-01T00:00:00Z,,,,10,,1911,,,1911-10-01T00:00:00Z,1911,1910,1911-10-01T00:00:00Z,10,MM,Margaret Alice Murray,https://beyond-notability.wikibase.cloud/entity/Q569,157,1863-07-13T00:00:00Z,1963-11-13T00:00:00Z,1863,1963,2,Edgbaston Extension Centre,October,1,October 1911,Q569-3a74a5c8-4859-e8ff-b22d-66fe93aa5c3b
Q569,Margaret Alice Murray,Lecturer (Extension),Gloucester extension centre,,Q3773,,Gloucester extension centre,Q3021,P17,1911-10-01T00:00:00Z,,,,10,,1911,,,1911-10-01T00:00:00Z,1911,1910,1911-10-01T00:00:00Z,10,MM,Margaret Alice Murray,https://beyond-notability.wikibase.cloud/entity/Q569,157,1863-07-13T00:00:00Z,1963-11-13T00:00:00Z,1863,1963,2,Gloucester extension centre,October,1,October 1911,Q569-51744319-471d-8eda-8f44-4a588b9f7458
Q569,Margaret Alice Murray,Lecturer (Extension),Ripon extension centre,,Q3779,,Ripon extension centre,Q3021,P17,1911-10-01T00:00:00Z,,,,10,,1911,,,1911-10-01T00:00:00Z,1911,1910,1911-10-01T00:00:00Z,10,MM,Margaret Alice Murray,https://beyond-notability.wikibase.cloud/entity/Q569,157,1863-07-13T00:00:00Z,1963-11-13T00:00:00Z,1863,1963,1,Other extension centres,October,1,October 1911,Q569-518be476-4a74-33f5-c846-110c7bc480fc
Q569,Margaret Alice Murray,Lecturer (Extension),Barnsley extension centre,,Q3777,,Barnsley extension centre,Q3021,P17,1911-10-01T00:00:00Z,,,,10,,1911,,,1911-10-01T00:00:00Z,1911,1910,1911-10-01T00:00:00Z,10,MM,Margaret Alice Murray,https://beyond-notability.wikibase.cloud/entity/Q569,157,1863-07-13T00:00:00Z,1963-11-13T00:00:00Z,1863,1963,1,Other extension centres,October,1,October 1911,Q569-c2976dee-4a4c-d694-8cba-d65541c69cd5
Q569,Margaret Alice Murray,Lecturer (Extension),Great Ayton extension centre,,Q3778,,Great Ayton extension centre,Q3021,P17,1911-10-01T00:00:00Z,,,,10,,1911,,,1911-10-01T00:00:00Z,1911,1910,1911-10-01T00:00:00Z,10,MM,Margaret Alice Murray,https://beyond-notability.wikibase.cloud/entity/Q569,157,1863-07-13T00:00:00Z,1963-11-13T00:00:00Z,1863,1963,1,Other extension centres,October,1,October 1911,Q569-d064699b-470d-d583-9ba7-d7cf2de022a3
Q569,Margaret Alice Murray,Lecturer (Extension),Abergavenny extension centre,,Q3780,,Abergavenny extension centre,Q3021,P17,1912-01-01T00:00:00Z,,,,10,,1912,,,1912-01-01T00:00:00Z,1912,1910,1912-01-01T00:00:00Z,10,MM,Margaret Alice Murray,https://beyond-notability.wikibase.cloud/entity/Q569,157,1863-07-13T00:00:00Z,1963-11-13T00:00:00Z,1863,1963,1,Other extension centres,January,1,January 1912,Q569-aa6d96d3-48bf-5c60-41d1-68f658a9f43b
Q569,Margaret Alice Murray,Lecturer (Extension),Ryde extension centre,,Q3781,,Ryde extension centre,Q3021,P17,1913-01-01T00:00:00Z,,,,10,,1913,,,1913-01-01T00:00:00Z,1913,1910,1913-01-01T00:00:00Z,10,MM,Margaret Alice Murray,https://beyond-notability.wikibase.cloud/entity/Q569,157,1863-07-13T00:00:00Z,1963-11-13T00:00:00Z,1863,1963,1,Other extension centres,January,1,January 1913,Q569-4482e61a-4297-b4cf-32f0-73f527621952
Q569,Margaret Alice Murray,Lecturer (Extension),Sherborne extension centre,,Q3930,,Sherborne extension centre,Q3021,P17,1913-10-01T00:00:00Z,,,,10,,1913,,,1913-10-01T00:00:00Z,1913,1910,1913-10-01T00:00:00Z,10,MM,Margaret Alice Murray,https://beyond-notability.wikibase.cloud/entity/Q569,157,1863-07-13T00:00:00Z,1963-11-13T00:00:00Z,1863,1963,1,Other extension centres,October,1,October 1913,Q569-00946094-4dc5-cc49-fff0-f5f6f6fee724
Q569,Margaret Alice Murray,Lecturer (Extension),Shanklin extension centre,,Q3782,,Shanklin extension centre,Q3021,P17,1913-10-01T00:00:00Z,,,,10,,1913,,,1913-10-01T00:00:00Z,1913,1910,1913-10-01T00:00:00Z,10,MM,Margaret Alice Murray,https://beyond-notability.wikibase.cloud/entity/Q569,157,1863-07-13T00:00:00Z,1963-11-13T00:00:00Z,1863,1963,1,Other extension centres,October,1,October 1913,Q569-c9f91cb9-4ab1-95c8-5f90-a6afa94ef61e
Q569,Margaret Alice Murray,Lecturer (freelance),,,,,none recorded,Q701,P17,,,1917-01-01T00:00:00Z,,,9,,,1917,1917-01-01T00:00:00Z,1917,1910,1917-01-01T00:00:00Z,9,MM,Margaret Alice Murray,https://beyond-notability.wikibase.cloud/entity/Q569,157,1863-07-13T00:00:00Z,1963-11-13T00:00:00Z,1863,1963,82,none recorded,January,1,1917,Q569-aec5bdc2-4d26-4989-8726-de32ce066d96
Q569,Margaret Alice Murray,Lecturer (Extension),Ventnor extension centre,,Q3784,,Ventnor extension centre,Q3021,P17,1922-01-01T00:00:00Z,,,,10,,1922,,,1922-01-01T00:00:00Z,1922,1920,1922-01-01T00:00:00Z,10,MM,Margaret Alice Murray,https://beyond-notability.wikibase.cloud/entity/Q569,157,1863-07-13T00:00:00Z,1963-11-13T00:00:00Z,1863,1963,1,Other extension centres,January,1,January 1922,Q569-01a5d266-4514-2281-7e9e-fd7461cd4086
Q569,Margaret Alice Murray,Lecturer (Extension),Sandown extension centre,,Q3783,,Sandown extension centre,Q3021,P17,1922-01-01T00:00:00Z,,,,10,,1922,,,1922-01-01T00:00:00Z,1922,1920,1922-01-01T00:00:00Z,10,MM,Margaret Alice Murray,https://beyond-notability.wikibase.cloud/entity/Q569,157,1863-07-13T00:00:00Z,1963-11-13T00:00:00Z,1863,1963,1,Other extension centres,January,1,January 1922,Q569-3d72390c-4d96-3f12-d4f2-d2303148c535
Q569,Margaret Alice Murray,Lecturer (Extension),Reigate extension centre,,Q3786,,Reigate extension centre,Q3021,P17,1922-10-01T00:00:00Z,,,,10,,1922,,,1922-10-01T00:00:00Z,1922,1920,1922-10-01T00:00:00Z,10,MM,Margaret Alice Murray,https://beyond-notability.wikibase.cloud/entity/Q569,157,1863-07-13T00:00:00Z,1963-11-13T00:00:00Z,1863,1963,1,Other extension centres,October,1,October 1922,Q569-19be77fc-46d8-04fd-4661-6b8bd9225f1b
Q569,Margaret Alice Murray,Lecturer (Extension),Hove extension centre,,Q3785,,Hove extension centre,Q3021,P17,1922-10-01T00:00:00Z,,,,10,,1922,,,1922-10-01T00:00:00Z,1922,1920,1922-10-01T00:00:00Z,10,MM,Margaret Alice Murray,https://beyond-notability.wikibase.cloud/entity/Q569,157,1863-07-13T00:00:00Z,1963-11-13T00:00:00Z,1863,1963,1,Other extension centres,October,1,October 1922,Q569-f0552c28-4109-42c9-24e6-f2b832522239
Q569,Margaret Alice Murray,Lecturer (Extension),South Tottenham Extension Centre,,Q3029,,South Tottenham Extension Centre,Q3021,P17,1923-01-01T00:00:00Z,1924-01-01T00:00:00Z,,9,9,,1923,1924,,1923-01-01T00:00:00Z,1923,1920,1924-01-01T00:00:00Z,9,MM,Margaret Alice Murray,https://beyond-notability.wikibase.cloud/entity/Q569,157,1863-07-13T00:00:00Z,1963-11-13T00:00:00Z,1863,1963,1,Other extension centres,January,1,1923,Q569-57de5850-41ee-aeea-42c4-9cf3b93c4096
Q569,Margaret Alice Murray,Lecturer (Extension),Edmonton Extension Centre,,Q3031,,Edmonton Extension Centre,Q3021,P17,1923-01-01T00:00:00Z,1924-01-01T00:00:00Z,,9,9,,1923,1924,,1923-01-01T00:00:00Z,1923,1920,1924-01-01T00:00:00Z,9,MM,Margaret Alice Murray,https://beyond-notability.wikibase.cloud/entity/Q569,157,1863-07-13T00:00:00Z,1963-11-13T00:00:00Z,1863,1963,2,Edmonton Extension Centre,January,1,1923,Q569-922f0bbd-4930-20f8-3fb5-c7378de75866
Q569,Margaret Alice Murray,Lecturer (Extension),Kingsway Hall,,Q3028,,Kingsway Hall,Q3021,P17,1923-01-01T00:00:00Z,1924-01-01T00:00:00Z,,9,9,,1923,1924,,1923-01-01T00:00:00Z,1923,1920,1924-01-01T00:00:00Z,9,MM,Margaret Alice Murray,https://beyond-notability.wikibase.cloud/entity/Q569,157,1863-07-13T00:00:00Z,1963-11-13T00:00:00Z,1863,1963,1,Other extension centres,January,1,1923,Q569-9753ec25-4f8c-43cf-54aa-7492b03248a3
Q569,Margaret Alice Murray,Lecturer (Extension),Haywards Heath extention centre,,Q3931,,Haywards Heath extention centre,Q3021,P17,1923-10-01T00:00:00Z,,,,10,,1923,,,1923-10-01T00:00:00Z,1923,1920,1923-10-01T00:00:00Z,10,MM,Margaret Alice Murray,https://beyond-notability.wikibase.cloud/entity/Q569,157,1863-07-13T00:00:00Z,1963-11-13T00:00:00Z,1863,1963,1,Other extension centres,October,1,October 1923,Q569-30258e1c-4680-fcbf-9261-b28be92ac3f7
Q569,Margaret Alice Murray,Lecturer (Extension),Deal extension centre,,Q3933,,Deal extension centre,Q3021,P17,1923-10-01T00:00:00Z,,,,10,,1923,,,1923-10-01T00:00:00Z,1923,1920,1923-10-01T00:00:00Z,10,MM,Margaret Alice Murray,https://beyond-notability.wikibase.cloud/entity/Q569,157,1863-07-13T00:00:00Z,1963-11-13T00:00:00Z,1863,1963,1,Other extension centres,October,1,October 1923,Q569-9f8cc079-4831-6b2f-a6cb-4a190ce83e9d
Q569,Margaret Alice Murray,Lecturer (Extension),Faversham extension centre,,Q3932,,Faversham extension centre,Q3021,P17,1923-10-01T00:00:00Z,,,,10,,1923,,,1923-10-01T00:00:00Z,1923,1920,1923-10-01T00:00:00Z,10,MM,Margaret Alice Murray,https://beyond-notability.wikibase.cloud/entity/Q569,157,1863-07-13T00:00:00Z,1963-11-13T00:00:00Z,1863,1963,1,Other extension centres,October,1,October 1923,Q569-b279cccd-4939-ff6f-bce7-f9cfbba54ec0
Q569,Margaret Alice Murray,Lecturer (Extension),Edmonton Extension Centre,,Q3031,,Edmonton Extension Centre,Q3021,P17,1924-01-01T00:00:00Z,1925-01-01T00:00:00Z,,9,9,,1924,1925,,1924-01-01T00:00:00Z,1924,1920,1925-01-01T00:00:00Z,9,MM,Margaret Alice Murray,https://beyond-notability.wikibase.cloud/entity/Q569,157,1863-07-13T00:00:00Z,1963-11-13T00:00:00Z,1863,1963,2,Edmonton Extension Centre,January,1,1924,Q569-9a2e2d07-4991-0ea5-7b54-00881c9ce49b
Q569,Margaret Alice Murray,Lecturer (Extension),Leamington extension centre,,Q3935,,Leamington extension centre,Q3021,P17,1925-10-01T00:00:00Z,,,,10,,1925,,,1925-10-01T00:00:00Z,1925,1920,1925-10-01T00:00:00Z,10,MM,Margaret Alice Murray,https://beyond-notability.wikibase.cloud/entity/Q569,157,1863-07-13T00:00:00Z,1963-11-13T00:00:00Z,1863,1963,1,Other extension centres,October,1,October 1925,Q569-19158a99-4319-1144-dc79-302774e9d3d4
Q569,Margaret Alice Murray,Lecturer (Extension),Taunton extension centre,,Q3936,,Taunton extension centre,Q3021,P17,1925-10-01T00:00:00Z,,,,10,,1925,,,1925-10-01T00:00:00Z,1925,1920,1925-10-01T00:00:00Z,10,MM,Margaret Alice Murray,https://beyond-notability.wikibase.cloud/entity/Q569,157,1863-07-13T00:00:00Z,1963-11-13T00:00:00Z,1863,1963,1,Other extension centres,October,1,October 1925,Q569-a353f858-44b7-7681-4ce1-fa078ce02f28
Q569,Margaret Alice Murray,Lecturer (Extension),Glastonbury and Street extension centre,,Q3937,,Glastonbury and Street extension centre,Q3021,P17,1925-10-01T00:00:00Z,,,,10,,1925,,,1925-10-01T00:00:00Z,1925,1920,1925-10-01T00:00:00Z,10,MM,Margaret Alice Murray,https://beyond-notability.wikibase.cloud/entity/Q569,157,1863-07-13T00:00:00Z,1963-11-13T00:00:00Z,1863,1963,1,Other extension centres,October,1,October 1925,Q569-ddedb057-48c9-d313-45a0-304c89943dc3
Q569,Margaret Alice Murray,Lecturer (Extension),New Cross Extension Centre,,Q3034,,New Cross Extension Centre,Q3021,P17,1926-01-01T00:00:00Z,1927-01-01T00:00:00Z,,9,9,,1926,1927,,1926-01-01T00:00:00Z,1926,1920,1927-01-01T00:00:00Z,9,MM,Margaret Alice Murray,https://beyond-notability.wikibase.cloud/entity/Q569,157,1863-07-13T00:00:00Z,1963-11-13T00:00:00Z,1863,1963,1,Other extension centres,January,1,1926,Q569-e6e04975-4ff9-db10-6381-e50ac871767d
Q569,Margaret Alice Murray,Lecturer (Extension),Chesterfield extension centre,,Q3983,,Chesterfield extension centre,Q3021,P17,1928-10-01T00:00:00Z,,,,10,,1928,,,1928-10-01T00:00:00Z,1928,1920,1928-10-01T00:00:00Z,10,MM,Margaret Alice Murray,https://beyond-notability.wikibase.cloud/entity/Q569,157,1863-07-13T00:00:00Z,1963-11-13T00:00:00Z,1863,1963,1,Other extension centres,October,1,October 1928,Q569-826e951a-4b61-b608-c0ba-09db583f92e8
Q569,Margaret Alice Murray,Lecturer (Extension),Bromley extension centre,,Q3984,,Bromley extension centre,Q3021,P17,1928-10-01T00:00:00Z,,,,10,,1928,,,1928-10-01T00:00:00Z,1928,1920,1928-10-01T00:00:00Z,10,MM,Margaret Alice Murray,https://beyond-notability.wikibase.cloud/entity/Q569,157,1863-07-13T00:00:00Z,1963-11-13T00:00:00Z,1863,1963,1,Other extension centres,October,1,October 1928,Q569-e97014a1-4aef-90e4-efa3-4473af0c9d93
Q569,Margaret Alice Murray,Lecturer (Extension),Haslemere extension centre,,Q3985,,Haslemere extension centre,Q3021,P17,1930-10-01T00:00:00Z,,,,10,,1930,,,1930-10-01T00:00:00Z,1930,1930,1930-10-01T00:00:00Z,10,MM,Margaret Alice Murray,https://beyond-notability.wikibase.cloud/entity/Q569,157,1863-07-13T00:00:00Z,1963-11-13T00:00:00Z,1863,1963,1,Other extension centres,October,1,October 1930,Q569-2b7fec42-4989-d662-3848-0e4ae9c77aa6
Q569,Margaret Alice Murray,Lecturer (Extension),Barnet Extension Centre,,Q3035,,Barnet Extension Centre,Q3021,P17,1932-01-01T00:00:00Z,,,,9,,1932,,,1932-01-01T00:00:00Z,1932,1930,1932-01-01T00:00:00Z,9,MM,Margaret Alice Murray,https://beyond-notability.wikibase.cloud/entity/Q569,157,1863-07-13T00:00:00Z,1963-11-13T00:00:00Z,1863,1963,1,Other extension centres,January,1,1932,Q569-8f44a12b-40a5-eec4-5da1-cb7ef9da5621
Q569,Margaret Alice Murray,Lecturer (Extension),Bournemouth extension centre,,Q3986,,Bournemouth extension centre,Q3021,P17,1934-01-01T00:00:00Z,,,,10,,1934,,,1934-01-01T00:00:00Z,1934,1930,1934-01-01T00:00:00Z,10,MM,Margaret Alice Murray,https://beyond-notability.wikibase.cloud/entity/Q569,157,1863-07-13T00:00:00Z,1963-11-13T00:00:00Z,1863,1963,2,Bournemouth extension centre,January,1,January 1934,Q569-a31d8a5e-4bf2-fbc5-f81f-e649099e1df5
Q569,Margaret Alice Murray,Lecturer (Extension),Bournemouth extension centre,,Q3986,,Bournemouth extension centre,Q3021,P17,1939-01-01T00:00:00Z,,,,10,,1939,,,1939-01-01T00:00:00Z,1939,1930,1939-01-01T00:00:00Z,10,MM,Margaret Alice Murray,https://beyond-notability.wikibase.cloud/entity/Q569,157,1863-07-13T00:00:00Z,1963-11-13T00:00:00Z,1863,1963,2,Bournemouth extension centre,January,1,January 1939,Q569-f6a24cbf-4e35-895a-4389-f8bb9432d66a
Q624,Maria Millington Lathbury Evans,Lecturer (freelance),,,,,none recorded,Q701,P17,1891-10-08T00:00:00Z,,,,11,,1891,,,1891-10-08T00:00:00Z,1891,1890,1891-10-08T00:00:00Z,11,other,Maria Millington Lathbury Evans,https://beyond-notability.wikibase.cloud/entity/Q624,66,1856-12-04T00:00:00Z,1944-01-01T00:00:00Z,1856,1944,82,none recorded,October,8,8 October 1891,Q624-f2d8aa13-4af9-e983-4230-21a936e907b5
Q624,Maria Millington Lathbury Evans,Lecturer (Extension),Chelsea Centre for University Extension,,Q2509,,Chelsea Centre for University Extension,Q3021,P17,1892-01-19T00:00:00Z,,,,11,,1892,,,1892-01-19T00:00:00Z,1892,1890,1892-01-19T00:00:00Z,11,other,Maria Millington Lathbury Evans,https://beyond-notability.wikibase.cloud/entity/Q624,66,1856-12-04T00:00:00Z,1944-01-01T00:00:00Z,1856,1944,8,Chelsea Centre for University Extension,January,19,19 January 1892,Q624-add6bc31-4ae6-a9e3-d383-e0af2dfba366
Q624,Maria Millington Lathbury Evans,Lecturer (freelance),,,,,none recorded,Q701,P17,1892-01-28T00:00:00Z,,,,11,,1892,,,1892-01-28T00:00:00Z,1892,1890,1892-01-28T00:00:00Z,11,other,Maria Millington Lathbury Evans,https://beyond-notability.wikibase.cloud/entity/Q624,66,1856-12-04T00:00:00Z,1944-01-01T00:00:00Z,1856,1944,82,none recorded,January,28,28 January 1892,Q624-986c7b79-4b3c-aa93-64ed-584a701517a6
Q812,Mary Brodrick,Lecturer (freelance),,,,,none recorded,Q701,P17,1888-12-01T00:00:00Z,,,,10,,1888,,,1888-12-01T00:00:00Z,1888,1880,1888-12-01T00:00:00Z,10,other,Mary Brodrick,https://beyond-notability.wikibase.cloud/entity/Q812,46,1858-01-01T00:00:00Z,1933-07-13T00:00:00Z,1858,1933,82,none recorded,December,1,December 1888,Q812-ec83b06e-4a13-9c23-47af-43d588810f58
Q812,Mary Brodrick,Lecturer (freelance),,Universities' Settlement in East London,,Q2379,Universities' Settlement in East London,Q701,P17,1889-01-01T00:00:00Z,1890-01-01T00:00:00Z,,9,9,,1889,1890,,1889-01-01T00:00:00Z,1889,1880,1890-01-01T00:00:00Z,9,other,Mary Brodrick,https://beyond-notability.wikibase.cloud/entity/Q812,46,1858-01-01T00:00:00Z,1933-07-13T00:00:00Z,1858,1933,1,Universities' Settlement in East London,January,1,1889,Q812-4040136f-4157-7772-8eda-4bbf0f1f184e
Q812,Mary Brodrick,Lecturer (freelance),,,,,none recorded,Q701,P17,,,1889-10-01T00:00:00Z,,,10,,,1889,1889-10-01T00:00:00Z,1889,1880,1889-10-01T00:00:00Z,10,other,Mary Brodrick,https://beyond-notability.wikibase.cloud/entity/Q812,46,1858-01-01T00:00:00Z,1933-07-13T00:00:00Z,1858,1933,82,none recorded,October,1,October 1889,Q812-84166fe0-4cd5-63e1-9522-20e99b1c32f5
Q812,Mary Brodrick,Lecturer (freelance),,,,,none recorded,Q701,P17,,,1890-11-01T00:00:00Z,,,10,,,1890,1890-11-01T00:00:00Z,1890,1890,1890-11-01T00:00:00Z,10,other,Mary Brodrick,https://beyond-notability.wikibase.cloud/entity/Q812,46,1858-01-01T00:00:00Z,1933-07-13T00:00:00Z,1858,1933,82,none recorded,November,1,November 1890,Q812-3943483e-4182-f23a-4778-5df587103cd3
Q812,Mary Brodrick,Lecturer (freelance),,,,,none recorded,Q701,P17,,,1890-12-01T00:00:00Z,,,10,,,1890,1890-12-01T00:00:00Z,1890,1890,1890-12-01T00:00:00Z,10,other,Mary Brodrick,https://beyond-notability.wikibase.cloud/entity/Q812,46,1858-01-01T00:00:00Z,1933-07-13T00:00:00Z,1858,1933,82,none recorded,December,1,December 1890,Q812-95eeeb4c-469f-5d7c-0e01-37f1b7818f57
Q812,Mary Brodrick,Lecturer (freelance),,,,,none recorded,Q701,P17,1892-12-02T00:00:00Z,,,,11,,1892,,,1892-12-02T00:00:00Z,1892,1890,1892-12-02T00:00:00Z,11,other,Mary Brodrick,https://beyond-notability.wikibase.cloud/entity/Q812,46,1858-01-01T00:00:00Z,1933-07-13T00:00:00Z,1858,1933,82,none recorded,December,2,2 December 1892,Q812-90768adc-40ac-c6ac-2276-96bb5aefd55f
Q812,Mary Brodrick,Lecturer (freelance),,,,,none recorded,Q701,P17,1893-11-22T00:00:00Z,,,,11,,1893,,,1893-11-22T00:00:00Z,1893,1890,1893-11-22T00:00:00Z,11,other,Mary Brodrick,https://beyond-notability.wikibase.cloud/entity/Q812,46,1858-01-01T00:00:00Z,1933-07-13T00:00:00Z,1858,1933,82,none recorded,November,22,22 November 1893,Q812-af3cbd06-401d-e858-3f72-1001c9a75a50
Q812,Mary Brodrick,Lecturer (freelance),,,,,none recorded,Q701,P17,1894-10-17T00:00:00Z,,,,11,,1894,,,1894-10-17T00:00:00Z,1894,1890,1894-10-17T00:00:00Z,11,other,Mary Brodrick,https://beyond-notability.wikibase.cloud/entity/Q812,46,1858-01-01T00:00:00Z,1933-07-13T00:00:00Z,1858,1933,82,none recorded,October,17,17 October 1894,Q812-16137d53-4b7c-5740-9145-03368a21db82
Q812,Mary Brodrick,Lecturer (freelance),,,,,none recorded,Q701,P17,1894-11-22T00:00:00Z,,,,11,,1894,,,1894-11-22T00:00:00Z,1894,1890,1894-11-22T00:00:00Z,11,other,Mary Brodrick,https://beyond-notability.wikibase.cloud/entity/Q812,46,1858-01-01T00:00:00Z,1933-07-13T00:00:00Z,1858,1933,82,none recorded,November,22,22 November 1894,Q812-ada7cabb-4d83-7835-9fbe-e016cb7a64d9
Q812,Mary Brodrick,Lecturer (freelance),,,,,none recorded,Q701,P17,1895-03-04T00:00:00Z,1895-03-25T00:00:00Z,,11,11,,1895,1895,,1895-03-04T00:00:00Z,1895,1890,1895-03-25T00:00:00Z,11,other,Mary Brodrick,https://beyond-notability.wikibase.cloud/entity/Q812,46,1858-01-01T00:00:00Z,1933-07-13T00:00:00Z,1858,1933,82,none recorded,March,4,4 March 1895,Q812-cffa93a4-4b40-8034-e880-fd38cfde2e26
Q812,Mary Brodrick,Lecturer (freelance),,,,,none recorded,Q701,P17,1895-11-01T00:00:00Z,,,,10,,1895,,,1895-11-01T00:00:00Z,1895,1890,1895-11-01T00:00:00Z,10,other,Mary Brodrick,https://beyond-notability.wikibase.cloud/entity/Q812,46,1858-01-01T00:00:00Z,1933-07-13T00:00:00Z,1858,1933,82,none recorded,November,1,November 1895,Q812-62e300ef-4fae-28da-2bd2-7028516476e0
Q802,Mary Coate,Lecturer (Extension),Charlbury extension centre,,Q4135,,Charlbury extension centre,Q3021,P17,,,1926-01-01T00:00:00Z,,,9,,,1926,1926-01-01T00:00:00Z,1926,1920,1926-01-01T00:00:00Z,9,other,Mary Coate,https://beyond-notability.wikibase.cloud/entity/Q802,25,1886-01-01T00:00:00Z,1973-02-19T00:00:00Z,1886,1973,1,Other extension centres,January,1,1926,Q802-71f4462c-4d7e-108c-ff2e-899ed122dd37
Q802,Mary Coate,Lecturer (Extension),Burford (W.I.) Extension Centre,,Q4132,,Burford (W.I.) Extension Centre,Q3021,P17,,,1926-01-01T00:00:00Z,,,9,,,1926,1926-01-01T00:00:00Z,1926,1920,1926-01-01T00:00:00Z,9,other,Mary Coate,https://beyond-notability.wikibase.cloud/entity/Q802,25,1886-01-01T00:00:00Z,1973-02-19T00:00:00Z,1886,1973,1,Other extension centres,January,1,1926,Q802-f89c179d-4e70-a246-c5e6-b623e16fc788
Q1110,Miss Lowenthal,Lecturer (Extension),Norwich extension centre,,Q4012,,Norwich extension centre,Q3021,P17,1946-09-01T00:00:00Z,,,,10,,1946,,,1946-09-01T00:00:00Z,1946,1940,1946-09-01T00:00:00Z,10,other,,,,,,,,1,Other extension centres,September,1,September 1946,Q1110-ada2f8a6-4347-4cb8-ca43-5d918243d35d
Q1110,Miss Lowenthal,Lecturer (Extension),Ipswich extension centre,,Q4014,,Ipswich extension centre,Q3021,P17,1947-02-01T00:00:00Z,,,,10,,1947,,,1947-02-01T00:00:00Z,1947,1940,1947-02-01T00:00:00Z,10,other,,,,,,,,1,Other extension centres,February,1,February 1947,Q1110-1e44e280-477f-4b14-c4d1-08b933f3767d
Q1110,Miss Lowenthal,Lecturer (Extension),Northampton extension centre,,Q4013,,Northampton extension centre,Q3021,P17,1947-09-01T00:00:00Z,,,,10,,1947,,,1947-09-01T00:00:00Z,1947,1940,1947-09-01T00:00:00Z,10,other,,,,,,,,1,Other extension centres,September,1,September 1947,Q1110-5f2517cb-4cd8-238e-34e6-fa440d6a6b55
Q1110,Miss Lowenthal,Lecturer (Extension),Welwyn Garden City extension centre,,Q4015,,Welwyn Garden City extension centre,Q3021,P17,1948-02-01T00:00:00Z,,,,10,,1948,,,1948-02-01T00:00:00Z,1948,1940,1948-02-01T00:00:00Z,10,other,,,,,,,,1,Other extension centres,February,1,February 1948,Q1110-c5724fa1-4e33-eef9-f932-d7a5c5bdf51f
Q1110,Miss Lowenthal,Lecturer (Extension),Sheringham extension centre,,Q4017,,Sheringham extension centre,Q3021,P17,1949-04-01T00:00:00Z,,,,10,,1949,,,1949-04-01T00:00:00Z,1949,1940,1949-04-01T00:00:00Z,10,other,,,,,,,,1,Other extension centres,April,1,April 1949,Q1110-7bc137e6-437f-b820-8640-0d79a0bb8769
Q1110,Miss Lowenthal,Lecturer (Extension),Derby extension centre,,Q4016,,Derby extension centre,Q3021,P17,1949-09-01T00:00:00Z,,,,10,,1949,,,1949-09-01T00:00:00Z,1949,1940,1949-09-01T00:00:00Z,10,other,,,,,,,,1,Other extension centres,September,1,September 1949,Q1110-1001af7f-4128-733b-c8a9-d54caa7820a7
Q1110,Miss Lowenthal,Lecturer (Extension),Cambridge extension centre,,Q4019,,Cambridge extension centre,Q3021,P17,1950-02-01T00:00:00Z,,,,10,,1950,,,1950-02-01T00:00:00Z,1950,1950,1950-02-01T00:00:00Z,10,other,,,,,,,,2,Cambridge extension centre,February,1,February 1950,Q1110-d506a68a-42cb-dd32-ff32-f290e9d8b426
Q1110,Miss Lowenthal,Lecturer (Extension),Cambridge extension centre,,Q4019,,Cambridge extension centre,Q3021,P17,1950-04-01T00:00:00Z,,,,10,,1950,,,1950-04-01T00:00:00Z,1950,1950,1950-04-01T00:00:00Z,10,other,,,,,,,,2,Cambridge extension centre,April,1,April 1950,Q1110-2ea84a47-4cb5-fd4e-ed93-975a6e3a9006
Q1110,Miss Lowenthal,Lecturer (Extension),Harpenden extension centre,,Q4018,,Harpenden extension centre,Q3021,P17,1950-09-01T00:00:00Z,,,,10,,1950,,,1950-09-01T00:00:00Z,1950,1950,1950-09-01T00:00:00Z,10,other,,,,,,,,1,Other extension centres,September,1,September 1950,Q1110-772a4fad-4504-577f-fc61-580f3619eeed
Q1101,Olwen Brogan,Lecturer (Extension),University College London Extension Centre,,Q3020,,University College London Extension Centre,Q3021,P17,1929-01-01T00:00:00Z,1930-01-01T00:00:00Z,,9,9,,1929,1930,,1929-01-01T00:00:00Z,1929,1920,1930-01-01T00:00:00Z,9,other,Olwen Brogan,https://beyond-notability.wikibase.cloud/entity/Q1101,34,1900-12-15T00:00:00Z,1989-12-18T00:00:00Z,1900,1989,15,University College London Extension Centre,January,1,1929,Q1101-663855a1-4346-2b66-e76e-f1a72a7f3bcb
Q1101,Olwen Brogan,Lecturer (Extension),Morley College,,Q2786,,Morley College,Q3021,P17,1931-01-01T00:00:00Z,1932-01-01T00:00:00Z,,9,9,,1931,1932,,1931-01-01T00:00:00Z,1931,1930,1932-01-01T00:00:00Z,9,other,Olwen Brogan,https://beyond-notability.wikibase.cloud/entity/Q1101,34,1900-12-15T00:00:00Z,1989-12-18T00:00:00Z,1900,1989,2,Morley College,January,1,1931,Q1101-f756a720-4d0b-a289-329d-6bf4032a3a43
Q1101,Olwen Brogan,Lecturer (Extension),University College London Extension Centre,,Q3020,,University College London Extension Centre,Q3021,P17,1933-01-01T00:00:00Z,1935-01-01T00:00:00Z,,9,9,,1933,1935,,1933-01-01T00:00:00Z,1933,1930,1935-01-01T00:00:00Z,9,other,Olwen Brogan,https://beyond-notability.wikibase.cloud/entity/Q1101,34,1900-12-15T00:00:00Z,1989-12-18T00:00:00Z,1900,1989,15,University College London Extension Centre,January,1,1933,Q1101-9ad17bac-4c5c-f478-87f9-30e06c3327d9
Q1101,Olwen Brogan,Lecturer (Extension),Morley College,,Q2786,,Morley College,Q3021,P17,1937-01-01T00:00:00Z,1938-01-01T00:00:00Z,,9,9,,1937,1938,,1937-01-01T00:00:00Z,1937,1930,1938-01-01T00:00:00Z,9,other,Olwen Brogan,https://beyond-notability.wikibase.cloud/entity/Q1101,34,1900-12-15T00:00:00Z,1989-12-18T00:00:00Z,1900,1989,2,Morley College,January,1,1937,Q1101-a19aaf92-45ff-cd65-1ebe-33fe198890eb
Q1029,Rachel Robertson Reid,Lecturer (Extension),University College London Extension Centre,,Q3020,,University College London Extension Centre,Q3021,P17,1909-01-01T00:00:00Z,1910-01-01T00:00:00Z,,9,9,,1909,1910,,1909-01-01T00:00:00Z,1909,1900,1910-01-01T00:00:00Z,9,other,Rachel Robertson Reid,https://beyond-notability.wikibase.cloud/entity/Q1029,45,1876-01-01T00:00:00Z,1952-05-10T00:00:00Z,1876,1952,15,University College London Extension Centre,January,1,1909,Q1029-641d6bb1-4b91-241e-f298-b2e61dae6efc
Q1029,Rachel Robertson Reid,Lecturer (Extension),University College London Extension Centre,,Q3020,,University College London Extension Centre,Q3021,P17,1911-01-01T00:00:00Z,1912-01-01T00:00:00Z,,9,9,,1911,1912,,1911-01-01T00:00:00Z,1911,1910,1912-01-01T00:00:00Z,9,other,Rachel Robertson Reid,https://beyond-notability.wikibase.cloud/entity/Q1029,45,1876-01-01T00:00:00Z,1952-05-10T00:00:00Z,1876,1952,15,University College London Extension Centre,January,1,1911,Q1029-2e4e26a1-429c-e60c-4320-d8b87a984e05
Q1029,Rachel Robertson Reid,Lecturer (Extension),University College London Extension Centre,,Q3020,,University College London Extension Centre,Q3021,P17,1912-01-01T00:00:00Z,1913-01-01T00:00:00Z,,9,9,,1912,1913,,1912-01-01T00:00:00Z,1912,1910,1913-01-01T00:00:00Z,9,other,Rachel Robertson Reid,https://beyond-notability.wikibase.cloud/entity/Q1029,45,1876-01-01T00:00:00Z,1952-05-10T00:00:00Z,1876,1952,15,University College London Extension Centre,January,1,1912,Q1029-3b9f3586-4fb3-8b74-771d-d86cb8302791
Q1029,Rachel Robertson Reid,Lecturer (Extension),University College London Extension Centre,,Q3020,,University College London Extension Centre,Q3021,P17,1913-01-01T00:00:00Z,1915-01-01T00:00:00Z,,9,9,,1913,1915,,1913-01-01T00:00:00Z,1913,1910,1915-01-01T00:00:00Z,9,other,Rachel Robertson Reid,https://beyond-notability.wikibase.cloud/entity/Q1029,45,1876-01-01T00:00:00Z,1952-05-10T00:00:00Z,1876,1952,15,University College London Extension Centre,January,1,1913,Q1029-dad7993b-4936-a7f6-70bf-2722eefe488a
Q1029,Rachel Robertson Reid,Lecturer (Extension),University College London Extension Centre,,Q3020,,University College London Extension Centre,Q3021,P17,1915-01-01T00:00:00Z,1918-01-01T00:00:00Z,,9,9,,1915,1918,,1915-01-01T00:00:00Z,1915,1910,1918-01-01T00:00:00Z,9,other,Rachel Robertson Reid,https://beyond-notability.wikibase.cloud/entity/Q1029,45,1876-01-01T00:00:00Z,1952-05-10T00:00:00Z,1876,1952,15,University College London Extension Centre,January,1,1915,Q1029-18249fe3-4610-b42f-578a-ebeaeb6d873c
Q1029,Rachel Robertson Reid,Lecturer (Extension),University College London Extension Centre,,Q3020,,University College London Extension Centre,Q3021,P17,1916-01-01T00:00:00Z,1919-01-01T00:00:00Z,,9,9,,1916,1919,,1916-01-01T00:00:00Z,1916,1910,1919-01-01T00:00:00Z,9,other,Rachel Robertson Reid,https://beyond-notability.wikibase.cloud/entity/Q1029,45,1876-01-01T00:00:00Z,1952-05-10T00:00:00Z,1876,1952,15,University College London Extension Centre,January,1,1916,Q1029-53454937-492e-b50b-fb26-94e43686195e
Q1029,Rachel Robertson Reid,Lecturer (Extension),University College London Extension Centre,,Q3020,,University College London Extension Centre,Q3021,P17,1918-01-01T00:00:00Z,1919-01-01T00:00:00Z,,9,9,,1918,1919,,1918-01-01T00:00:00Z,1918,1910,1919-01-01T00:00:00Z,9,other,Rachel Robertson Reid,https://beyond-notability.wikibase.cloud/entity/Q1029,45,1876-01-01T00:00:00Z,1952-05-10T00:00:00Z,1876,1952,15,University College London Extension Centre,January,1,1918,Q1029-99a4affd-4f99-abab-97f7-827f6165d49e
Q1043,Violet Mary Shillington,Lecturer (freelance),Women's Industrial Council,,Q2077,,Women's Industrial Council,Q701,P17,,,1910-01-01T00:00:00Z,,,9,,,1910,1910-01-01T00:00:00Z,1910,1910,1910-01-01T00:00:00Z,9,other,Violet Mary Shillington,https://beyond-notability.wikibase.cloud/entity/Q1043,40,1882-09-25T00:00:00Z,1924-03-12T00:00:00Z,1882,1924,4,Women's Industrial Council,January,1,1910,Q1043-88595cfb-44c2-0bf9-89ef-a77e3f76a394
